location,station_id,date,year,doy,is_forecast,tmax_c,tmin_c,tmean_c,prcp_mm
kyoto,JA000047759,2025-10-01,2025,274,False,28.513,18.313,23.413,0.0
kyoto,JA000047759,2025-10-02,2025,275,False,27.613,20.713,24.163,0.0
kyoto,JA000047759,2025-10-03,2025,276,False,26.213,19.713,22.963,0.0
kyoto,JA000047759,2025-10-04,2025,277,False,23.013,20.713,21.863,0.0
kyoto,JA000047759,2025-10-05,2025,278,False,24.613,20.113,22.363,0.0
kyoto,JA000047759,2025-10-06,2025,279,False,28.113,21.013,24.563,0.0
kyoto,JA000047759,2025-10-07,2025,280,False,29.013,21.513,25.263,0.0
kyoto,JA000047759,2025-10-08,2025,281,False,30.513,22.413,26.463,0.0
kyoto,JA000047759,2025-10-09,2025,282,False,26.713,17.613,22.163,0.0
kyoto,JA000047759,2025-10-10,2025,283,False,27.413,20.913,24.163,0.0
kyoto,JA000047759,2025-10-11,2025,284,False,26.013,22.413,24.213,0.0
kyoto,JA000047759,2025-10-12,2025,285,False,26.313,23.113,24.713,0.0
kyoto,JA000047759,2025-10-13,2025,286,False,27.213,20.313,23.763,0.0
kyoto,JA000047759,2025-10-14,2025,287,False,30.213,21.313,25.763,0.0
kyoto,JA000047759,2025-10-15,2025,288,False,25.913,22.913,24.413,0.0
kyoto,JA000047759,2025-10-16,2025,289,False,24.613,18.913,21.763,0.0
kyoto,JA000047759,2025-10-17,2025,290,False,28.113,19.313,23.713,0.0
kyoto,JA000047759,2025-10-18,2025,291,False,23.813,19.413,21.613,0.0
kyoto,JA000047759,2025-10-19,2025,292,False,23.513,18.313,20.913,0.0
kyoto,JA000047759,2025-10-20,2025,293,False,23.413,14.713,19.063,0.0
kyoto,JA000047759,2025-10-21,2025,294,False,18.313,14.913,16.613,0.0
kyoto,JA000047759,2025-10-22,2025,295,False,15.013,12.513,13.763,0.0
kyoto,JA000047759,2025-10-23,2025,296,False,23.813,12.113,17.963,0.0
kyoto,JA000047759,2025-10-24,2025,297,False,21.913,14.713,18.313,0.0
kyoto,JA000047759,2025-10-25,2025,298,False,21.813,17.313,19.563,0.0
kyoto,JA000047759,2025-10-26,2025,299,False,21.213,15.513,18.363,0.0
kyoto,JA000047759,2025-10-27,2025,300,False,21.713,10.813,16.263,0.0
kyoto,JA000047759,2025-10-28,2025,301,False,17.713,8.813,13.263,0.0
kyoto,JA000047759,2025-10-29,2025,302,False,18.913,9.013,13.963,0.0
kyoto,JA000047759,2025-10-30,2025,303,False,21.213,14.213,17.713,0.0
kyoto,JA000047759,2025-10-31,2025,304,False,16.213,13.213,14.713,0.0
kyoto,JA000047759,2025-11-01,2025,305,False,21.113,11.113,16.113,0.0
kyoto,JA000047759,2025-11-02,2025,306,False,19.713,11.213,15.463,0.0
kyoto,JA000047759,2025-11-03,2025,307,False,15.613,6.713,11.163,0.0
kyoto,JA000047759,2025-11-04,2025,308,False,17.213,10.613,13.913,0.0
kyoto,JA000047759,2025-11-05,2025,309,False,17.113,12.313,14.713,0.0
kyoto,JA000047759,2025-11-06,2025,310,False,21.713,11.713,16.713,0.0
kyoto,JA000047759,2025-11-07,2025,311,False,20.213,9.213,14.713,0.0
kyoto,JA000047759,2025-11-08,2025,312,False,19.713,13.513,16.613,0.0
kyoto,JA000047759,2025-11-09,2025,313,False,16.113,13.113,14.613,0.0
kyoto,JA000047759,2025-11-10,2025,314,False,17.613,7.413,12.513,0.0
kyoto,JA000047759,2025-11-11,2025,315,False,16.713,7.613,12.163,0.0
kyoto,JA000047759,2025-11-12,2025,316,False,15.813,11.013,13.413,0.0
kyoto,JA000047759,2025-11-13,2025,317,False,16.913,10.413,13.663,0.0
kyoto,JA000047759,2025-11-14,2025,318,False,19.513,9.413,14.463,0.0
kyoto,JA000047759,2025-11-15,2025,319,False,19.413,7.813,13.613,0.0
kyoto,JA000047759,2025-11-16,2025,320,False,19.613,9.513,14.563,0.0
kyoto,JA000047759,2025-11-17,2025,321,False,21.713,10.913,16.313,0.0
kyoto,JA000047759,2025-11-18,2025,322,False,12.613,6.913,9.763,0.0
kyoto,JA000047759,2025-11-19,2025,323,False,10.213,3.913,7.063,0.0
kyoto,JA000047759,2025-11-20,2025,324,False,14.513,5.713,10.113,0.0
kyoto,JA000047759,2025-11-21,2025,325,False,17.713,7.213,12.463,0.0
kyoto,JA000047759,2025-11-22,2025,326,False,16.213,5.813,11.013,0.0
kyoto,JA000047759,2025-11-23,2025,327,False,17.413,6.413,11.913,0.0
kyoto,JA000047759,2025-11-24,2025,328,False,16.913,9.413,13.163,0.0
kyoto,JA000047759,2025-11-25,2025,329,False,13.413,8.513,10.963,0.0
kyoto,JA000047759,2025-11-26,2025,330,False,15.213,6.913,11.063,0.0
kyoto,JA000047759,2025-11-27,2025,331,False,17.213,9.113,13.163,0.0
kyoto,JA000047759,2025-11-28,2025,332,False,14.513,7.513,11.013,0.0
kyoto,JA000047759,2025-11-29,2025,333,False,14.913,5.413,10.163,0.0
kyoto,JA000047759,2025-11-30,2025,334,False,16.613,8.013,12.313,0.0
kyoto,JA000047759,2025-12-01,2025,335,False,19.313,10.813,15.063,0.0
kyoto,JA000047759,2025-12-02,2025,336,False,19.313,9.813,14.563,0.0
kyoto,JA000047759,2025-12-03,2025,337,False,13.113,1.713,7.413,0.0
kyoto,JA000047759,2025-12-04,2025,338,False,7.513,2.613,5.063,0.0
kyoto,JA000047759,2025-12-05,2025,339,False,10.213,1.513,5.863,0.0
kyoto,JA000047759,2025-12-06,2025,340,False,11.913,3.213,7.563,0.0
kyoto,JA000047759,2025-12-07,2025,341,False,15.113,6.113,10.613,0.0
kyoto,JA000047759,2025-12-08,2025,342,False,15.013,5.713,10.363,0.0
kyoto,JA000047759,2025-12-09,2025,343,False,11.813,3.613,7.713,0.0
kyoto,JA000047759,2025-12-10,2025,344,False,13.013,5.113,9.063,0.0
kyoto,JA000047759,2025-12-11,2025,345,False,15.613,5.613,10.613,0.0
kyoto,JA000047759,2025-12-12,2025,346,False,7.613,2.113,4.863,0.0
kyoto,JA000047759,2025-12-13,2025,347,False,10.713,3.713,7.213,0.0
kyoto,JA000047759,2025-12-14,2025,348,False,13.413,5.113,9.263,0.0
kyoto,JA000047759,2025-12-15,2025,349,False,9.613,2.913,6.263,0.0
kyoto,JA000047759,2025-12-16,2025,350,False,12.813,4.413,8.613,0.0
kyoto,JA000047759,2025-12-17,2025,351,False,12.013,5.713,8.863,0.0
kyoto,JA000047759,2025-12-18,2025,352,False,11.313,1.813,6.563,0.0
kyoto,JA000047759,2025-12-19,2025,353,False,14.713,4.813,9.763,0.0
kyoto,JA000047759,2025-12-20,2025,354,False,18.213,11.713,14.963,0.0
kyoto,JA000047759,2025-12-21,2025,355,False,14.113,8.013,11.063,0.0
kyoto,JA000047759,2025-12-22,2025,356,False,9.113,2.013,5.563,0.0
kyoto,JA000047759,2025-12-23,2025,357,False,13.613,4.313,8.963,0.0
kyoto,JA000047759,2025-12-24,2025,358,False,13.813,10.713,12.263,0.0
kyoto,JA000047759,2025-12-25,2025,359,False,12.713,2.913,7.813,0.0
kyoto,JA000047759,2025-12-26,2025,360,False,6.113,0.713,3.413,0.0
kyoto,JA000047759,2025-12-27,2025,361,False,7.513,2.313,4.913,0.0
kyoto,JA000047759,2025-12-28,2025,362,False,9.713,1.413,5.563,0.0
kyoto,JA000047759,2025-12-29,2025,363,False,12.613,3.613,8.113,0.0
kyoto,JA000047759,2025-12-30,2025,364,False,13.213,3.113,8.163,0.0
kyoto,JA000047759,2025-12-31,2025,365,False,9.113,2.613,5.863,0.0
kyoto,JA000047759,2026-01-01,2026,1,False,8.413,1.613,5.013,0.0
kyoto,JA000047759,2026-01-02,2026,2,False,6.213,0.913,3.563,0.0
kyoto,JA000047759,2026-01-03,2026,3,False,6.813,1.913,4.363,0.0
kyoto,JA000047759,2026-01-04,2026,4,False,8.613,3.413,6.013,0.0
kyoto,JA000047759,2026-01-05,2026,5,False,12.413,2.813,7.613,0.0
kyoto,JA000047759,2026-01-06,2026,6,False,8.413,1.513,4.963,0.0
kyoto,JA000047759,2026-01-07,2026,7,False,11.213,3.113,7.163,0.0
kyoto,JA000047759,2026-01-08,2026,8,False,7.013,1.913,4.463,0.0
kyoto,JA000047759,2026-01-09,2026,9,False,8.013,0.213,4.113,0.0
kyoto,JA000047759,2026-01-10,2026,10,False,14.513,2.113,8.313,0.0
kyoto,JA000047759,2026-01-11,2026,11,False,7.213,-0.987,3.113,0.0
kyoto,JA000047759,2026-01-12,2026,12,False,7.213,1.413,4.313,0.0
kyoto,JA000047759,2026-01-13,2026,13,False,13.113,4.813,8.963,0.0
kyoto,JA000047759,2026-01-14,2026,14,False,8.113,0.713,4.413,0.0
kyoto,JA000047759,2026-01-15,2026,15,False,11.713,3.013,7.363,0.0
kyoto,JA000047759,2026-01-16,2026,16,False,16.313,3.513,9.913,0.0
kyoto,JA000047759,2026-01-17,2026,17,False,15.713,4.913,10.313,0.0
kyoto,JA000047759,2026-01-18,2026,18,False,12.713,3.113,7.913,0.0
kyoto,JA000047759,2026-01-19,2026,19,False,16.413,5.213,10.813,0.0
kyoto,JA000047759,2026-01-20,2026,20,False,6.213,-0.987,2.613,0.0
kyoto,JA000047759,2026-01-21,2026,21,False,5.513,-0.887,2.313,0.0
kyoto,JA000047759,2026-01-22,2026,22,False,4.213,-1.787,1.213,0.0
kyoto,JA000047759,2026-01-23,2026,23,False,6.613,-0.487,3.063,0.0
kyoto,JA000047759,2026-01-24,2026,24,False,8.413,-0.687,3.863,0.0
kyoto,JA000047759,2026-01-25,2026,25,False,4.913,1.213,3.063,0.0
kyoto,JA000047759,2026-01-26,2026,26,False,3.713,0.613,2.163,0.0
kyoto,JA000047759,2026-01-27,2026,27,False,9.313,2.613,5.963,0.0
kyoto,JA000047759,2026-01-28,2026,28,False,7.413,1.813,4.613,0.0
kyoto,JA000047759,2026-01-29,2026,29,False,7.213,0.313,3.763,0.0
kyoto,JA000047759,2026-01-30,2026,30,False,5.513,1.113,3.313,0.0
kyoto,JA000047759,2026-01-31,2026,31,False,6.313,-0.587,2.863,0.0
kyoto,JA000047759,2026-02-01,2026,32,False,6.313,-0.587,2.863,0.0
kyoto,JA000047759,2026-02-02,2026,33,True,7.796,0.412,4.104,2.43
kyoto,JA000047759,2026-02-03,2026,34,True,8.093,0.081,4.087,0.52
kyoto,JA000047759,2026-02-04,2026,35,True,8.817,-0.221,4.298,0.815
kyoto,JA000047759,2026-02-05,2026,36,True,7.897,-0.129,3.884,1.68
kyoto,JA000047759,2026-02-06,2026,37,True,8.377,0.302,4.34,1.467
kyoto,JA000047759,2026-02-07,2026,38,True,9.099,-0.237,4.431,2.874
kyoto,JA000047759,2026-02-08,2026,39,True,7.909,-0.43,3.739,1.0
kyoto,JA000047759,2026-02-09,2026,40,True,7.545,-0.019,3.763,0.885
kyoto,JA000047759,2026-02-10,2026,41,True,8.655,-0.033,4.311,1.594
kyoto,JA000047759,2026-02-11,2026,42,True,8.783,-0.035,4.374,1.861
kyoto,JA000047759,2026-02-12,2026,43,True,9.799,0.08,4.94,2.061
kyoto,JA000047759,2026-02-13,2026,44,True,10.12,1.017,5.569,2.253
kyoto,JA000047759,2026-02-14,2026,45,True,11.066,1.18,6.123,5.595
kyoto,JA000047759,2026-02-15,2026,46,True,10.204,1.512,5.858,5.684
kyoto,JA000047759,2026-02-16,2026,47,True,9.261,0.632,4.947,2.525
kyoto,JA000047759,2026-02-17,2026,48,True,8.48,-0.171,4.154,0.637
kyoto,JA000047759,2026-02-18,2026,49,True,8.635,-0.012,4.312,4.026
kyoto,JA000047759,2026-02-19,2026,50,True,9.838,0.816,5.327,3.326
kyoto,JA000047759,2026-02-20,2026,51,True,10.525,0.454,5.49,2.183
kyoto,JA000047759,2026-02-21,2026,52,True,9.869,0.691,5.28,3.479
kyoto,JA000047759,2026-02-22,2026,53,True,11.609,1.522,6.565,0.329
kyoto,JA000047759,2026-02-23,2026,54,True,11.289,1.628,6.458,4.489
kyoto,JA000047759,2026-02-24,2026,55,True,10.349,1.454,5.901,0.705
kyoto,JA000047759,2026-02-25,2026,56,True,11.509,1.83,6.67,2.12
kyoto,JA000047759,2026-02-26,2026,57,True,11.169,1.73,6.45,1.435
kyoto,JA000047759,2026-02-27,2026,58,True,11.274,2.04,6.657,6.095
kyoto,JA000047759,2026-02-28,2026,59,True,12.447,1.455,6.951,4.132
kyoto,JA000047759,2026-03-01,2026,60,True,12.662,2.204,7.433,5.311
kyoto,JA000047759,2026-03-02,2026,61,True,11.589,2.059,6.824,7.665
kyoto,JA000047759,2026-03-03,2026,62,True,10.429,2.103,6.266,1.479
kyoto,JA000047759,2026-03-04,2026,63,True,13.059,2.094,7.576,2.84
kyoto,JA000047759,2026-03-05,2026,64,True,13.437,2.759,8.098,2.653
kyoto,JA000047759,2026-03-06,2026,65,True,12.087,2.87,7.479,6.826
kyoto,JA000047759,2026-03-07,2026,66,True,11.623,2.641,7.132,4.426
kyoto,JA000047759,2026-03-08,2026,67,True,12.847,1.864,7.355,0.561
kyoto,JA000047759,2026-03-09,2026,68,True,13.216,2.072,7.644,2.97
kyoto,JA000047759,2026-03-10,2026,69,True,12.51,2.512,7.511,2.379
kyoto,JA000047759,2026-03-11,2026,70,True,12.539,2.432,7.486,5.72
kyoto,JA000047759,2026-03-12,2026,71,True,14.616,2.187,8.401,0.472
kyoto,JA000047759,2026-03-13,2026,72,True,13.974,2.53,8.252,4.4
kyoto,JA000047759,2026-03-14,2026,73,True,13.334,3.068,8.201,5.816
kyoto,JA000047759,2026-03-15,2026,74,True,13.357,3.003,8.18,2.195
kyoto,JA000047759,2026-03-16,2026,75,True,14.163,3.273,8.718,3.361
kyoto,JA000047759,2026-03-17,2026,76,True,14.187,3.013,8.6,1.921
kyoto,JA000047759,2026-03-18,2026,77,True,15.21,3.901,9.556,4.005
kyoto,JA000047759,2026-03-19,2026,78,True,15.449,4.57,10.01,4.663
kyoto,JA000047759,2026-03-20,2026,79,True,15.249,4.217,9.733,2.811
kyoto,JA000047759,2026-03-21,2026,80,True,13.787,4.207,8.997,10.16
kyoto,JA000047759,2026-03-22,2026,81,True,15.004,3.628,9.316,2.545
kyoto,JA000047759,2026-03-23,2026,82,True,14.989,3.609,9.299,2.625
kyoto,JA000047759,2026-03-24,2026,83,True,15.072,4.494,9.783,1.768
kyoto,JA000047759,2026-03-25,2026,84,True,15.117,4.65,9.884,5.38
kyoto,JA000047759,2026-03-26,2026,85,True,15.176,4.411,9.794,3.765
kyoto,JA000047759,2026-03-27,2026,86,True,16.262,4.643,10.452,1.739
kyoto,JA000047759,2026-03-28,2026,87,True,16.594,4.896,10.745,1.633
kyoto,JA000047759,2026-03-29,2026,88,True,16.063,5.233,10.648,1.422
kyoto,JA000047759,2026-03-30,2026,89,True,16.106,4.802,10.454,2.256
kyoto,JA000047759,2026-03-31,2026,90,True,16.384,5.006,10.695,1.7
kyoto,JA000047759,2026-04-01,2026,91,True,16.716,5.613,11.164,2.589
kyoto,JA000047759,2026-04-02,2026,92,True,16.518,6.512,11.515,5.741
kyoto,JA000047759,2026-04-03,2026,93,True,16.797,6.209,11.503,1.322
kyoto,JA000047759,2026-04-04,2026,94,True,17.875,6.328,12.102,2.511
kyoto,JA000047759,2026-04-05,2026,95,True,17.674,6.795,12.235,6.753
kyoto,JA000047759,2026-04-06,2026,96,True,18.407,6.614,12.51,1.444
kyoto,JA000047759,2026-04-07,2026,97,True,17.773,6.338,12.056,7.817
kyoto,JA000047759,2026-04-08,2026,98,True,18.024,6.506,12.265,2.589
kyoto,JA000047759,2026-04-09,2026,99,True,18.629,6.373,12.501,7.706
kyoto,JA000047759,2026-04-10,2026,100,True,19.169,7.058,13.114,4.158
kyoto,JA000047759,2026-04-11,2026,101,True,19.034,7.725,13.38,5.079
kyoto,JA000047759,2026-04-12,2026,102,True,18.559,7.825,13.192,3.811
kyoto,JA000047759,2026-04-13,2026,103,True,19.344,7.489,13.417,4.395
kyoto,JA000047759,2026-04-14,2026,104,True,19.309,8.605,13.957,3.221
kyoto,JA000047759,2026-04-15,2026,105,True,18.387,7.879,13.133,9.637
kyoto,JA000047759,2026-04-16,2026,106,True,19.419,8.457,13.938,1.105
kyoto,JA000047759,2026-04-17,2026,107,True,20.109,8.004,14.057,4.075
kyoto,JA000047759,2026-04-18,2026,108,True,21.339,7.838,14.589,6.27
kyoto,JA000047759,2026-04-19,2026,109,True,20.689,8.895,14.792,5.047
kyoto,JA000047759,2026-04-20,2026,110,True,20.331,9.041,14.686,1.894
kyoto,JA000047759,2026-04-21,2026,111,True,20.684,9.988,15.336,6.144
kyoto,JA000047759,2026-04-22,2026,112,True,21.355,10.424,15.89,2.622
kyoto,JA000047759,2026-04-23,2026,113,True,20.958,10.061,15.509,4.133
kyoto,JA000047759,2026-04-24,2026,114,True,20.894,10.024,15.459,3.372
kyoto,JA000047759,2026-04-25,2026,115,True,20.479,9.51,14.995,6.816
kyoto,JA000047759,2026-04-26,2026,116,True,21.121,9.216,15.168,3.526
kyoto,JA000047759,2026-04-27,2026,117,True,21.673,9.52,15.597,1.474
kyoto,JA000047759,2026-04-28,2026,118,True,21.182,9.268,15.225,3.472
kyoto,JA000047759,2026-04-29,2026,119,True,21.338,9.383,15.361,10.578
kyoto,JA000047759,2026-04-30,2026,120,True,23.073,10.238,16.656,5.995
kyoto,JA000047759,2026-05-01,2026,121,True,23.021,11.138,17.079,3.028
kyoto,JA000047759,2026-05-02,2026,122,True,22.561,10.777,16.669,0.759
kyoto,JA000047759,2026-05-03,2026,123,True,23.652,11.272,17.462,1.083
kyoto,JA000047759,2026-05-04,2026,124,True,24.279,11.776,18.028,0.842
kyoto,JA000047759,2026-05-05,2026,125,True,24.684,12.7,18.692,2.156
kyoto,JA000047759,2026-05-06,2026,126,True,24.231,12.859,18.545,1.176
kyoto,JA000047759,2026-05-07,2026,127,True,22.489,12.302,17.396,5.765
kyoto,JA000047759,2026-05-08,2026,128,True,24.342,11.904,18.123,6.079
kyoto,JA000047759,2026-05-09,2026,129,True,24.842,12.183,18.513,0.661
kyoto,JA000047759,2026-05-10,2026,130,True,22.558,12.529,17.543,1.256
kyoto,JA000047759,2026-05-11,2026,131,True,22.739,12.472,17.606,8.089
kyoto,JA000047759,2026-05-12,2026,132,True,23.494,12.729,18.112,8.528
kyoto,JA000047759,2026-05-13,2026,133,True,24.205,13.095,18.65,7.011
kyoto,JA000047759,2026-05-14,2026,134,True,24.889,12.84,18.865,6.874
kyoto,JA000047759,2026-05-15,2026,135,True,25.321,12.765,19.043,1.979
kyoto,JA000047759,2026-05-16,2026,136,True,24.0,14.044,19.022,2.689
kyoto,JA000047759,2026-05-17,2026,137,True,24.697,14.142,19.42,4.533
kyoto,JA000047759,2026-05-18,2026,138,True,25.863,14.115,19.989,5.106
kyoto,JA000047759,2026-05-19,2026,139,True,24.739,14.238,19.489,3.194
kyoto,JA000047759,2026-05-20,2026,140,True,25.631,14.441,20.036,8.405
kyoto,JA000047759,2026-05-21,2026,141,True,26.194,14.538,20.366,12.418
kyoto,JA000047759,2026-05-22,2026,142,True,26.537,14.424,20.48,0.167
kyoto,JA000047759,2026-05-23,2026,143,True,25.658,14.322,19.99,3.856
kyoto,JA000047759,2026-05-24,2026,144,True,26.734,14.7,20.717,6.0
kyoto,JA000047759,2026-05-25,2026,145,True,26.956,15.164,21.06,3.647
kyoto,JA000047759,2026-05-26,2026,146,True,25.367,15.374,20.371,6.3
kyoto,JA000047759,2026-05-27,2026,147,True,26.214,15.565,20.89,4.211
kyoto,JA000047759,2026-05-28,2026,148,True,25.328,15.629,20.479,2.283
kyoto,JA000047759,2026-05-29,2026,149,True,26.263,15.523,20.893,13.15
kyoto,JA000047759,2026-05-30,2026,150,True,26.121,15.193,20.657,7.7
kyoto,JA000047759,2026-05-31,2026,151,True,25.673,14.759,20.216,4.411
liestal,SZ000001940,2025-10-01,2025,274,False,14.979,5.979,10.479,0.0
liestal,SZ000001940,2025-10-02,2025,275,False,14.379,2.379,8.379,0.0
liestal,SZ000001940,2025-10-03,2025,276,False,12.879,3.979,8.429,0.3
liestal,SZ000001940,2025-10-04,2025,277,False,22.879,8.579,15.729,3.7
liestal,SZ000001940,2025-10-05,2025,278,False,13.179,8.279,10.729,6.8
liestal,SZ000001940,2025-10-06,2025,279,False,14.179,8.479,11.329,0.0
liestal,SZ000001940,2025-10-07,2025,280,False,17.879,8.279,13.079,0.0
liestal,SZ000001940,2025-10-08,2025,281,False,18.979,7.079,13.029,0.0
liestal,SZ000001940,2025-10-09,2025,282,False,14.979,9.079,12.029,0.0
liestal,SZ000001940,2025-10-10,2025,283,False,16.579,8.879,12.729,0.0
liestal,SZ000001940,2025-10-11,2025,284,False,16.679,8.179,12.429,0.0
liestal,SZ000001940,2025-10-12,2025,285,False,15.379,4.679,10.029,0.0
liestal,SZ000001940,2025-10-13,2025,286,False,14.579,6.979,10.779,0.0
liestal,SZ000001940,2025-10-14,2025,287,False,15.279,6.279,10.779,0.0
liestal,SZ000001940,2025-10-15,2025,288,False,14.679,5.779,10.229,0.0
liestal,SZ000001940,2025-10-16,2025,289,False,13.679,5.279,9.479,0.0
liestal,SZ000001940,2025-10-17,2025,290,False,14.179,4.779,9.479,0.0
liestal,SZ000001940,2025-10-18,2025,291,False,15.279,2.179,8.729,0.0
liestal,SZ000001940,2025-10-19,2025,292,False,14.979,6.379,10.679,0.1
liestal,SZ000001940,2025-10-20,2025,293,False,14.479,10.279,12.379,4.7
liestal,SZ000001940,2025-10-21,2025,294,False,18.679,10.879,14.779,23.0
liestal,SZ000001940,2025-10-22,2025,295,False,17.079,12.179,14.629,5.1
liestal,SZ000001940,2025-10-23,2025,296,False,18.779,8.879,13.829,9.7
liestal,SZ000001940,2025-10-24,2025,297,False,12.279,5.479,8.879,6.4
liestal,SZ000001940,2025-10-25,2025,298,False,11.679,7.779,9.729,8.1
liestal,SZ000001940,2025-10-26,2025,299,False,10.679,6.279,8.479,1.8
liestal,SZ000001940,2025-10-27,2025,300,False,10.979,6.479,8.729,3.2
liestal,SZ000001940,2025-10-28,2025,301,False,15.379,7.179,11.279,0.0
liestal,SZ000001940,2025-10-29,2025,302,False,14.379,5.579,9.979,6.9
liestal,SZ000001940,2025-10-30,2025,303,False,14.279,5.179,9.729,0.0
liestal,SZ000001940,2025-10-31,2025,304,False,15.679,3.879,9.779,0.0
liestal,SZ000001940,2025-11-01,2025,305,False,14.179,8.679,11.429,25.4
liestal,SZ000001940,2025-11-02,2025,306,False,12.179,7.579,9.879,3.6
liestal,SZ000001940,2025-11-03,2025,307,False,14.079,5.279,9.679,0.0
liestal,SZ000001940,2025-11-04,2025,308,False,14.379,4.279,9.329,0.0
liestal,SZ000001940,2025-11-05,2025,309,False,14.879,3.579,9.229,0.0
liestal,SZ000001940,2025-11-06,2025,310,False,11.179,1.879,6.529,0.0
liestal,SZ000001940,2025-11-07,2025,311,False,9.379,3.279,6.329,0.0
liestal,SZ000001940,2025-11-08,2025,312,False,10.379,2.779,6.579,0.0
liestal,SZ000001940,2025-11-09,2025,313,False,11.279,5.479,8.379,2.4
liestal,SZ000001940,2025-11-10,2025,314,False,10.379,5.179,7.779,0.0
liestal,SZ000001940,2025-11-11,2025,315,False,14.879,6.579,10.729,0.0
liestal,SZ000001940,2025-11-12,2025,316,False,13.079,5.079,9.079,0.0
liestal,SZ000001940,2025-11-13,2025,317,False,16.679,6.179,11.429,0.0
liestal,SZ000001940,2025-11-14,2025,318,False,14.779,9.979,12.379,0.0
liestal,SZ000001940,2025-11-15,2025,319,False,16.179,7.779,11.979,2.7
liestal,SZ000001940,2025-11-16,2025,320,False,10.279,7.179,8.729,5.3
liestal,SZ000001940,2025-11-17,2025,321,False,10.279,0.479,5.379,11.5
liestal,SZ000001940,2025-11-18,2025,322,False,4.179,-1.421,1.379,0.0
liestal,SZ000001940,2025-11-19,2025,323,False,5.379,-3.321,1.029,1.4
liestal,SZ000001940,2025-11-20,2025,324,False,4.479,0.579,2.529,0.0
liestal,SZ000001940,2025-11-21,2025,325,False,2.179,-2.521,-0.171,0.0
liestal,SZ000001940,2025-11-22,2025,326,False,-1.221,-6.021,-3.621,0.0
liestal,SZ000001940,2025-11-23,2025,327,False,2.379,-5.121,-1.371,12.4
liestal,SZ000001940,2025-11-24,2025,328,False,6.379,2.179,4.279,19.8
liestal,SZ000001940,2025-11-25,2025,329,False,4.979,2.279,3.629,4.8
liestal,SZ000001940,2025-11-26,2025,330,False,3.779,1.679,2.729,2.0
liestal,SZ000001940,2025-11-27,2025,331,False,5.079,-1.721,1.679,0.0
liestal,SZ000001940,2025-11-28,2025,332,False,4.879,-1.121,1.879,2.6
liestal,SZ000001940,2025-11-29,2025,333,False,9.579,3.079,6.329,0.1
liestal,SZ000001940,2025-11-30,2025,334,False,7.979,1.979,4.979,3.8
liestal,SZ000001940,2025-12-01,2025,335,False,5.779,2.079,3.929,0.0
liestal,SZ000001940,2025-12-02,2025,336,False,7.379,1.279,4.329,0.0
liestal,SZ000001940,2025-12-03,2025,337,False,5.179,1.279,3.229,0.0
liestal,SZ000001940,2025-12-04,2025,338,False,7.079,0.779,3.929,0.9
liestal,SZ000001940,2025-12-05,2025,339,False,6.879,2.379,4.629,0.0
liestal,SZ000001940,2025-12-06,2025,340,False,11.679,2.179,6.929,5.3
liestal,SZ000001940,2025-12-07,2025,341,False,13.279,7.079,10.179,4.0
liestal,SZ000001940,2025-12-08,2025,342,False,14.779,5.879,10.329,0.2
liestal,SZ000001940,2025-12-09,2025,343,False,11.979,5.379,8.679,0.1
liestal,SZ000001940,2025-12-10,2025,344,False,9.079,4.479,6.779,0.5
liestal,SZ000001940,2025-12-11,2025,345,False,10.079,7.279,8.679,0.0
liestal,SZ000001940,2025-12-12,2025,346,False,9.879,0.979,5.429,0.0
liestal,SZ000001940,2025-12-13,2025,347,False,8.779,1.879,5.329,0.0
liestal,SZ000001940,2025-12-14,2025,348,False,5.979,0.779,3.379,0.0
liestal,SZ000001940,2025-12-15,2025,349,False,5.279,0.079,2.679,0.0
liestal,SZ000001940,2025-12-16,2025,350,False,3.879,0.079,1.979,0.0
liestal,SZ000001940,2025-12-17,2025,351,False,7.779,3.079,5.429,0.0
liestal,SZ000001940,2025-12-18,2025,352,False,8.879,1.579,5.229,0.0
liestal,SZ000001940,2025-12-19,2025,353,False,6.979,1.679,4.329,0.4
liestal,SZ000001940,2025-12-20,2025,354,False,11.679,5.379,8.529,0.0
liestal,SZ000001940,2025-12-21,2025,355,False,6.979,1.979,4.479,0.0
liestal,SZ000001940,2025-12-22,2025,356,False,4.079,0.079,2.079,0.0
liestal,SZ000001940,2025-12-23,2025,357,False,2.679,0.879,1.779,0.0
liestal,SZ000001940,2025-12-24,2025,358,False,3.479,1.579,2.529,0.0
liestal,SZ000001940,2025-12-25,2025,359,False,1.979,-0.921,0.529,0.0
liestal,SZ000001940,2025-12-26,2025,360,False,2.279,-0.121,1.079,0.0
liestal,SZ000001940,2025-12-27,2025,361,False,2.779,-1.421,0.679,0.0
liestal,SZ000001940,2025-12-28,2025,362,False,0.879,-3.921,-1.521,0.0
liestal,SZ000001940,2025-12-29,2025,363,False,1.879,-4.621,-1.371,0.0
liestal,SZ000001940,2025-12-30,2025,364,False,0.979,-4.921,-1.971,0.0
liestal,SZ000001940,2025-12-31,2025,365,False,0.479,-7.821,-3.671,0.0
liestal,SZ000001940,2026-01-01,2026,1,False,1.579,-7.921,-3.171,0.0
liestal,SZ000001940,2026-01-02,2026,2,False,3.279,-3.121,0.079,0.0
liestal,SZ000001940,2026-01-03,2026,3,False,1.079,-4.021,-1.471,0.0
liestal,SZ000001940,2026-01-04,2026,4,False,0.579,-4.421,-1.921,0.0
liestal,SZ000001940,2026-01-05,2026,5,False,-1.021,-7.521,-4.271,0.0
liestal,SZ000001940,2026-01-06,2026,6,False,-2.721,-9.121,-5.921,0.0
liestal,SZ000001940,2026-01-07,2026,7,False,-2.021,-8.321,-5.171,0.0
liestal,SZ000001940,2026-01-08,2026,8,False,6.479,-2.821,1.829,0.0
liestal,SZ000001940,2026-01-09,2026,9,False,9.179,3.479,6.329,0.0
liestal,SZ000001940,2026-01-10,2026,10,False,3.679,0.179,1.929,0.0
liestal,SZ000001940,2026-01-11,2026,11,False,0.879,-1.121,-0.121,0.0
liestal,SZ000001940,2026-01-12,2026,12,False,3.779,-1.221,1.279,0.0
liestal,SZ000001940,2026-01-13,2026,13,False,8.979,1.079,5.029,0.0
liestal,SZ000001940,2026-01-14,2026,14,False,8.779,0.579,4.679,0.0
liestal,SZ000001940,2026-01-15,2026,15,False,11.079,3.979,7.529,0.0
liestal,SZ000001940,2026-01-16,2026,16,False,9.679,1.779,5.729,0.0
liestal,SZ000001940,2026-01-17,2026,17,False,7.879,1.479,4.679,0.0
liestal,SZ000001940,2026-01-18,2026,18,False,1.979,0.279,1.129,0.0
liestal,SZ000001940,2026-01-19,2026,19,False,4.579,-1.921,1.329,0.0
liestal,SZ000001940,2026-01-20,2026,20,False,5.179,-2.121,1.529,0.0
liestal,SZ000001940,2026-01-21,2026,21,False,6.879,-2.121,2.379,0.0
liestal,SZ000001940,2026-01-22,2026,22,False,3.779,-3.721,0.029,0.0
liestal,SZ000001940,2026-01-23,2026,23,False,5.779,-0.121,2.829,0.0
liestal,SZ000001940,2026-01-24,2026,24,False,3.979,-2.021,0.979,0.0
liestal,SZ000001940,2026-01-25,2026,25,False,6.279,0.779,3.529,0.0
liestal,SZ000001940,2026-01-26,2026,26,False,7.179,-0.421,3.379,0.0
liestal,SZ000001940,2026-01-27,2026,27,False,5.179,-0.621,2.279,0.0
liestal,SZ000001940,2026-01-28,2026,28,False,4.479,1.979,3.229,0.0
liestal,SZ000001940,2026-01-29,2026,29,False,6.279,0.479,3.379,0.0
liestal,SZ000001940,2026-01-30,2026,30,False,3.579,-0.721,1.429,0.0
liestal,SZ000001940,2026-01-31,2026,31,False,6.579,1.679,4.129,0.0
liestal,SZ000001940,2026-02-01,2026,32,True,6.742,1.869,4.305,3.626
liestal,SZ000001940,2026-02-02,2026,33,True,6.43,1.182,3.806,1.032
liestal,SZ000001940,2026-02-03,2026,34,True,5.897,0.048,2.973,1.267
liestal,SZ000001940,2026-02-04,2026,35,True,6.066,-0.941,2.563,0.571
liestal,SZ000001940,2026-02-05,2026,36,True,5.7,-1.212,2.244,2.21
liestal,SZ000001940,2026-02-06,2026,37,True,5.588,-0.476,2.556,0.757
liestal,SZ000001940,2026-02-07,2026,38,True,5.048,-1.488,1.78,1.952
liestal,SZ000001940,2026-02-08,2026,39,True,5.639,-1.281,2.179,1.276
liestal,SZ000001940,2026-02-09,2026,40,True,6.413,-1.8,2.306,1.105
liestal,SZ000001940,2026-02-10,2026,41,True,5.418,-1.707,1.856,2.51
liestal,SZ000001940,2026-02-11,2026,42,True,4.909,-1.378,1.766,1.462
liestal,SZ000001940,2026-02-12,2026,43,True,4.902,-2.086,1.408,1.105
liestal,SZ000001940,2026-02-13,2026,44,True,5.324,-2.696,1.314,1.981
liestal,SZ000001940,2026-02-14,2026,45,True,5.345,-1.887,1.729,2.114
liestal,SZ000001940,2026-02-15,2026,46,True,5.716,-1.168,2.274,2.057
liestal,SZ000001940,2026-02-16,2026,47,True,7.652,-0.017,3.818,1.138
liestal,SZ000001940,2026-02-17,2026,48,True,6.923,1.032,3.977,2.081
liestal,SZ000001940,2026-02-18,2026,49,True,7.338,0.558,3.948,0.652
liestal,SZ000001940,2026-02-19,2026,50,True,7.24,0.125,3.682,0.733
liestal,SZ000001940,2026-02-20,2026,51,True,8.528,0.445,4.486,1.281
liestal,SZ000001940,2026-02-21,2026,52,True,8.788,0.489,4.639,1.119
liestal,SZ000001940,2026-02-22,2026,53,True,8.197,0.716,4.456,0.795
liestal,SZ000001940,2026-02-23,2026,54,True,8.943,1.071,5.007,1.457
liestal,SZ000001940,2026-02-24,2026,55,True,8.59,1.07,4.83,1.41
liestal,SZ000001940,2026-02-25,2026,56,True,8.07,0.155,4.113,2.114
liestal,SZ000001940,2026-02-26,2026,57,True,6.737,-0.489,3.124,1.338
liestal,SZ000001940,2026-02-27,2026,58,True,7.113,-0.666,3.223,1.895
liestal,SZ000001940,2026-02-28,2026,59,True,7.603,-1.071,3.266,0.49
liestal,SZ000001940,2026-03-01,2026,60,True,7.498,-0.227,3.635,1.825
liestal,SZ000001940,2026-03-02,2026,61,True,7.92,0.316,4.118,1.574
liestal,SZ000001940,2026-03-03,2026,62,True,8.885,0.639,4.762,0.77
liestal,SZ000001940,2026-03-04,2026,63,True,9.312,-0.058,4.627,3.438
liestal,SZ000001940,2026-03-05,2026,64,True,7.821,-0.205,3.808,2.057
liestal,SZ000001940,2026-03-06,2026,65,True,7.278,-0.887,3.196,1.848
liestal,SZ000001940,2026-03-07,2026,66,True,7.864,-0.539,3.663,0.586
liestal,SZ000001940,2026-03-08,2026,67,True,9.864,-0.42,4.722,1.614
liestal,SZ000001940,2026-03-09,2026,68,True,10.378,1.628,6.003,1.176
liestal,SZ000001940,2026-03-10,2026,69,True,10.112,0.904,5.508,1.776
liestal,SZ000001940,2026-03-11,2026,70,True,9.369,0.57,4.97,2.71
liestal,SZ000001940,2026-03-12,2026,71,True,10.369,0.77,5.57,1.133
liestal,SZ000001940,2026-03-13,2026,72,True,10.664,1.304,5.984,2.448
liestal,SZ000001940,2026-03-14,2026,73,True,10.34,1.299,5.82,1.0
liestal,SZ000001940,2026-03-15,2026,74,True,10.626,1.57,6.098,0.362
liestal,SZ000001940,2026-03-16,2026,75,True,12.083,1.499,6.791,1.186
liestal,SZ000001940,2026-03-17,2026,76,True,12.693,2.637,7.665,1.448
liestal,SZ000001940,2026-03-18,2026,77,True,11.593,2.356,6.974,1.424
liestal,SZ000001940,2026-03-19,2026,78,True,11.612,1.851,6.731,1.876
liestal,SZ000001940,2026-03-20,2026,79,True,11.645,1.646,6.646,0.976
liestal,SZ000001940,2026-03-21,2026,80,True,12.097,1.575,6.836,0.705
liestal,SZ000001940,2026-03-22,2026,81,True,11.326,1.723,6.524,1.852
liestal,SZ000001940,2026-03-23,2026,82,True,12.564,2.404,7.484,1.405
liestal,SZ000001940,2026-03-24,2026,83,True,12.345,1.718,7.031,1.795
liestal,SZ000001940,2026-03-25,2026,84,True,12.002,2.427,7.215,0.952
liestal,SZ000001940,2026-03-26,2026,85,True,11.754,2.251,7.003,2.133
liestal,SZ000001940,2026-03-27,2026,86,True,12.873,2.761,7.817,0.919
liestal,SZ000001940,2026-03-28,2026,87,True,12.902,2.189,7.546,2.181
liestal,SZ000001940,2026-03-29,2026,88,True,14.597,3.446,9.022,1.138
liestal,SZ000001940,2026-03-30,2026,89,True,14.278,4.737,9.508,2.119
liestal,SZ000001940,2026-03-31,2026,90,True,13.85,4.494,9.172,2.838
liestal,SZ000001940,2026-04-01,2026,91,True,13.866,3.585,8.725,1.16
liestal,SZ000001940,2026-04-02,2026,92,True,14.55,3.505,9.027,0.642
liestal,SZ000001940,2026-04-03,2026,93,True,14.058,3.902,8.98,2.115
liestal,SZ000001940,2026-04-04,2026,94,True,12.997,3.418,8.208,2.767
liestal,SZ000001940,2026-04-05,2026,95,True,12.697,3.232,7.965,2.043
liestal,SZ000001940,2026-04-06,2026,96,True,14.45,2.889,8.67,1.386
liestal,SZ000001940,2026-04-07,2026,97,True,15.354,3.727,9.541,2.148
liestal,SZ000001940,2026-04-08,2026,98,True,14.821,4.523,9.672,1.162
liestal,SZ000001940,2026-04-09,2026,99,True,14.783,3.556,9.17,2.495
liestal,SZ000001940,2026-04-10,2026,100,True,15.145,3.818,9.481,2.314
liestal,SZ000001940,2026-04-11,2026,101,True,16.131,4.375,10.253,2.852
liestal,SZ000001940,2026-04-12,2026,102,True,15.788,4.18,9.984,1.757
liestal,SZ000001940,2026-04-13,2026,103,True,15.164,5.118,10.141,1.648
liestal,SZ000001940,2026-04-14,2026,104,True,16.669,5.108,10.889,0.729
liestal,SZ000001940,2026-04-15,2026,105,True,16.045,5.004,10.524,2.019
liestal,SZ000001940,2026-04-16,2026,106,True,14.578,4.937,9.758,4.0
liestal,SZ000001940,2026-04-17,2026,107,True,14.902,4.551,9.727,3.81
liestal,SZ000001940,2026-04-18,2026,108,True,14.878,4.342,9.61,1.448
liestal,SZ000001940,2026-04-19,2026,109,True,15.364,3.513,9.439,1.41
liestal,SZ000001940,2026-04-20,2026,110,True,15.945,4.413,10.179,0.876
liestal,SZ000001940,2026-04-21,2026,111,True,17.026,4.708,10.867,0.79
liestal,SZ000001940,2026-04-22,2026,112,True,17.888,5.194,11.541,1.757
liestal,SZ000001940,2026-04-23,2026,113,True,17.059,6.194,11.627,1.752
liestal,SZ000001940,2026-04-24,2026,114,True,17.697,5.88,11.789,3.429
liestal,SZ000001940,2026-04-25,2026,115,True,17.659,6.551,12.105,4.486
liestal,SZ000001940,2026-04-26,2026,116,True,16.064,6.566,11.315,2.543
liestal,SZ000001940,2026-04-27,2026,117,True,15.926,6.032,10.979,4.195
liestal,SZ000001940,2026-04-28,2026,118,True,16.578,5.975,11.277,2.376
liestal,SZ000001940,2026-04-29,2026,119,True,17.064,6.546,11.805,0.762
liestal,SZ000001940,2026-04-30,2026,120,True,16.659,6.594,11.627,1.99
liestal,SZ000001940,2026-05-01,2026,121,True,16.666,6.827,11.746,3.715
liestal,SZ000001940,2026-05-02,2026,122,True,17.931,7.1,12.516,3.374
liestal,SZ000001940,2026-05-03,2026,123,True,16.855,7.3,12.077,2.453
liestal,SZ000001940,2026-05-04,2026,124,True,16.75,6.085,11.417,2.971
liestal,SZ000001940,2026-05-05,2026,125,True,17.078,6.656,11.867,3.305
liestal,SZ000001940,2026-05-06,2026,126,True,16.94,7.813,12.377,4.033
liestal,SZ000001940,2026-05-07,2026,127,True,17.578,7.38,12.479,2.233
liestal,SZ000001940,2026-05-08,2026,128,True,18.612,7.766,13.189,3.514
liestal,SZ000001940,2026-05-09,2026,129,True,19.412,8.775,14.093,5.562
liestal,SZ000001940,2026-05-10,2026,130,True,19.245,8.713,13.979,1.667
liestal,SZ000001940,2026-05-11,2026,131,True,20.14,9.046,14.593,2.005
liestal,SZ000001940,2026-05-12,2026,132,True,19.607,9.018,14.312,4.99
liestal,SZ000001940,2026-05-13,2026,133,True,18.278,8.627,13.453,3.738
liestal,SZ000001940,2026-05-14,2026,134,True,17.397,8.232,12.815,5.119
liestal,SZ000001940,2026-05-15,2026,135,True,16.731,7.556,12.143,3.671
liestal,SZ000001940,2026-05-16,2026,136,True,15.95,7.475,11.712,4.005
liestal,SZ000001940,2026-05-17,2026,137,True,18.102,7.332,12.717,3.414
liestal,SZ000001940,2026-05-18,2026,138,True,18.673,8.008,13.341,1.857
liestal,SZ000001940,2026-05-19,2026,139,True,19.612,8.37,13.991,2.876
liestal,SZ000001940,2026-05-20,2026,140,True,19.321,9.494,14.408,2.01
liestal,SZ000001940,2026-05-21,2026,141,True,20.131,9.804,14.967,4.076
liestal,SZ000001940,2026-05-22,2026,142,True,20.488,9.68,15.084,2.962
liestal,SZ000001940,2026-05-23,2026,143,True,20.44,9.689,15.065,1.614
liestal,SZ000001940,2026-05-24,2026,144,True,19.626,9.308,14.467,1.91
liestal,SZ000001940,2026-05-25,2026,145,True,21.021,10.17,15.596,2.371
liestal,SZ000001940,2026-05-26,2026,146,True,21.235,10.713,15.974,2.171
liestal,SZ000001940,2026-05-27,2026,147,True,21.221,10.166,15.693,2.019
liestal,SZ000001940,2026-05-28,2026,148,True,20.85,10.304,15.577,2.595
liestal,SZ000001940,2026-05-29,2026,149,True,21.15,10.394,15.772,2.157
liestal,SZ000001940,2026-05-30,2026,150,True,20.773,9.98,15.377,2.495
liestal,SZ000001940,2026-05-31,2026,151,True,20.802,9.427,15.115,6.357
newyorkcity,USW00014732,2025-10-01,2025,274,False,21.064,13.864,17.464,0.0
newyorkcity,USW00014732,2025-10-02,2025,275,False,18.864,12.164,15.514,0.0
newyorkcity,USW00014732,2025-10-03,2025,276,False,22.164,13.864,18.014,0.0
newyorkcity,USW00014732,2025-10-04,2025,277,False,28.264,16.064,22.164,0.0
newyorkcity,USW00014732,2025-10-05,2025,278,False,29.964,18.264,24.114,0.0
newyorkcity,USW00014732,2025-10-06,2025,279,False,27.164,17.764,22.464,0.0
newyorkcity,USW00014732,2025-10-07,2025,280,False,26.064,18.864,22.464,0.0
newyorkcity,USW00014732,2025-10-08,2025,281,False,22.164,14.364,18.264,4.1
newyorkcity,USW00014732,2025-10-09,2025,282,False,14.964,10.564,12.764,0.0
newyorkcity,USW00014732,2025-10-10,2025,283,False,17.164,8.864,13.014,0.0
newyorkcity,USW00014732,2025-10-11,2025,284,False,18.864,14.964,16.914,2.0
newyorkcity,USW00014732,2025-10-12,2025,285,False,17.764,13.264,15.514,19.8
newyorkcity,USW00014732,2025-10-13,2025,286,False,14.964,12.164,13.564,21.3
newyorkcity,USW00014732,2025-10-14,2025,287,False,16.064,11.664,13.864,0.0
newyorkcity,USW00014732,2025-10-15,2025,288,False,20.564,11.664,16.114,0.0
newyorkcity,USW00014732,2025-10-16,2025,289,False,16.064,8.864,12.464,0.0
newyorkcity,USW00014732,2025-10-17,2025,290,False,18.264,9.364,13.814,0.0
newyorkcity,USW00014732,2025-10-18,2025,291,False,18.864,11.064,14.964,0.0
newyorkcity,USW00014732,2025-10-19,2025,292,False,21.664,12.764,17.214,0.0
newyorkcity,USW00014732,2025-10-20,2025,293,False,19.964,13.864,16.914,0.0
newyorkcity,USW00014732,2025-10-21,2025,294,False,19.364,11.064,15.214,0.8
newyorkcity,USW00014732,2025-10-22,2025,295,False,17.764,12.764,15.264,6.1
newyorkcity,USW00014732,2025-10-23,2025,296,False,16.064,11.064,13.564,0.0
newyorkcity,USW00014732,2025-10-24,2025,297,False,15.564,8.864,12.214,0.0
newyorkcity,USW00014732,2025-10-25,2025,298,False,15.564,8.864,12.214,0.0
newyorkcity,USW00014732,2025-10-26,2025,299,False,14.964,9.964,12.464,0.0
newyorkcity,USW00014732,2025-10-27,2025,300,False,13.264,6.664,9.964,0.0
newyorkcity,USW00014732,2025-10-28,2025,301,False,13.864,7.164,10.514,0.0
newyorkcity,USW00014732,2025-10-29,2025,302,False,13.264,9.364,11.314,0.5
newyorkcity,USW00014732,2025-10-30,2025,303,False,18.264,10.564,14.414,53.1
newyorkcity,USW00014732,2025-10-31,2025,304,False,15.564,11.064,13.314,0.0
newyorkcity,USW00014732,2025-11-01,2025,305,False,14.364,9.964,12.164,0.0
newyorkcity,USW00014732,2025-11-02,2025,306,False,15.564,7.764,11.664,0.0
newyorkcity,USW00014732,2025-11-03,2025,307,False,14.964,10.564,12.764,0.5
newyorkcity,USW00014732,2025-11-04,2025,308,False,16.064,9.364,12.714,0.0
newyorkcity,USW00014732,2025-11-05,2025,309,False,18.864,9.364,14.114,0.0
newyorkcity,USW00014732,2025-11-06,2025,310,False,13.864,7.164,10.514,0.0
newyorkcity,USW00014732,2025-11-07,2025,311,False,15.564,5.564,10.564,0.0
newyorkcity,USW00014732,2025-11-08,2025,312,False,19.364,12.164,15.764,2.3
newyorkcity,USW00014732,2025-11-09,2025,313,False,18.264,11.064,14.664,8.6
newyorkcity,USW00014732,2025-11-10,2025,314,False,14.964,2.164,8.564,6.4
newyorkcity,USW00014732,2025-11-11,2025,315,False,5.564,1.064,3.314,0.0
newyorkcity,USW00014732,2025-11-12,2025,316,False,10.564,3.864,7.214,0.0
newyorkcity,USW00014732,2025-11-13,2025,317,False,10.564,5.564,8.064,0.8
newyorkcity,USW00014732,2025-11-14,2025,318,False,10.564,5.564,8.064,0.0
newyorkcity,USW00014732,2025-11-15,2025,319,False,10.564,4.364,7.464,1.3
newyorkcity,USW00014732,2025-11-16,2025,320,False,13.264,4.964,9.114,1.3
newyorkcity,USW00014732,2025-11-17,2025,321,False,7.764,3.264,5.514,0.0
newyorkcity,USW00014732,2025-11-18,2025,322,False,7.764,3.264,5.514,0.0
newyorkcity,USW00014732,2025-11-19,2025,323,False,8.864,4.364,6.614,3.8
newyorkcity,USW00014732,2025-11-20,2025,324,False,8.864,3.864,6.364,0.0
newyorkcity,USW00014732,2025-11-21,2025,325,False,11.664,6.064,8.864,0.0
newyorkcity,USW00014732,2025-11-22,2025,326,False,10.564,5.564,8.064,4.6
newyorkcity,USW00014732,2025-11-23,2025,327,False,9.964,2.764,6.364,0.0
newyorkcity,USW00014732,2025-11-24,2025,328,False,11.064,7.164,9.114,0.0
newyorkcity,USW00014732,2025-11-25,2025,329,False,13.864,7.164,10.514,14.7
newyorkcity,USW00014732,2025-11-26,2025,330,False,15.564,9.964,12.764,2.3
newyorkcity,USW00014732,2025-11-27,2025,331,False,9.964,2.764,6.364,0.0
newyorkcity,USW00014732,2025-11-28,2025,332,False,6.664,1.664,4.164,0.0
newyorkcity,USW00014732,2025-11-29,2025,333,False,6.064,1.064,3.564,0.0
newyorkcity,USW00014732,2025-11-30,2025,334,False,8.264,2.164,5.214,2.0
newyorkcity,USW00014732,2025-12-01,2025,335,False,6.064,1.664,3.864,0.0
newyorkcity,USW00014732,2025-12-02,2025,336,False,5.564,1.064,3.314,20.8
newyorkcity,USW00014732,2025-12-03,2025,337,False,5.564,0.564,3.064,0.0
newyorkcity,USW00014732,2025-12-04,2025,338,False,6.064,-3.936,1.064,0.0
newyorkcity,USW00014732,2025-12-05,2025,339,False,-0.036,-6.736,-3.386,0.0
newyorkcity,USW00014732,2025-12-06,2025,340,False,6.064,-0.036,3.014,0.5
newyorkcity,USW00014732,2025-12-07,2025,341,False,6.064,2.164,4.114,0.0
newyorkcity,USW00014732,2025-12-08,2025,342,False,4.364,-5.036,-0.336,0.0
newyorkcity,USW00014732,2025-12-09,2025,343,False,1.664,-6.736,-2.536,0.0
newyorkcity,USW00014732,2025-12-10,2025,344,False,8.264,0.564,4.414,2.3
newyorkcity,USW00014732,2025-12-11,2025,345,False,4.964,-1.736,1.614,0.0
newyorkcity,USW00014732,2025-12-12,2025,346,False,2.164,-3.336,-0.586,0.0
newyorkcity,USW00014732,2025-12-13,2025,347,False,4.964,-2.236,1.364,0.8
newyorkcity,USW00014732,2025-12-14,2025,348,False,1.064,-6.136,-2.536,13.5
newyorkcity,USW00014732,2025-12-15,2025,349,False,-1.136,-6.136,-3.636,0.0
newyorkcity,USW00014732,2025-12-16,2025,350,False,0.564,-3.936,-1.686,0.0
newyorkcity,USW00014732,2025-12-17,2025,351,False,8.864,-1.136,3.864,0.0
newyorkcity,USW00014732,2025-12-18,2025,352,False,10.564,1.064,5.814,1.3
newyorkcity,USW00014732,2025-12-19,2025,353,False,14.364,-3.936,5.214,32.5
newyorkcity,USW00014732,2025-12-20,2025,354,False,3.264,-0.636,1.314,0.0
newyorkcity,USW00014732,2025-12-21,2025,355,False,8.264,-1.136,3.564,0.0
newyorkcity,USW00014732,2025-12-22,2025,356,False,4.364,-1.736,1.314,0.0
newyorkcity,USW00014732,2025-12-23,2025,357,False,4.964,1.064,3.014,4.8
newyorkcity,USW00014732,2025-12-24,2025,358,False,7.764,1.664,4.714,0.0
newyorkcity,USW00014732,2025-12-25,2025,359,False,8.864,-1.736,3.564,0.0
newyorkcity,USW00014732,2025-12-26,2025,360,False,-2.236,-6.136,-4.186,6.6
newyorkcity,USW00014732,2025-12-27,2025,361,False,-0.636,-3.936,-2.286,4.1
newyorkcity,USW00014732,2025-12-28,2025,362,False,2.764,-4.436,-0.836,0.5
newyorkcity,USW00014732,2025-12-29,2025,363,False,9.964,-0.636,4.664,2.3
newyorkcity,USW00014732,2025-12-30,2025,364,False,0.564,-2.836,-1.136,0.0
newyorkcity,USW00014732,2025-12-31,2025,365,False,0.564,-2.836,-1.136,0.0
newyorkcity,USW00014732,2026-01-01,2026,1,False,2.164,-5.036,-1.436,0.0
newyorkcity,USW00014732,2026-01-02,2026,2,False,-1.136,-6.736,-3.936,0.0
newyorkcity,USW00014732,2026-01-03,2026,3,False,-0.636,-4.436,-2.536,0.0
newyorkcity,USW00014732,2026-01-04,2026,4,False,1.664,-3.336,-0.836,0.0
newyorkcity,USW00014732,2026-01-05,2026,5,False,3.264,-1.136,1.064,0.0
newyorkcity,USW00014732,2026-01-06,2026,6,False,3.864,1.664,2.764,0.3
newyorkcity,USW00014732,2026-01-07,2026,7,False,8.864,2.164,5.514,0.3
newyorkcity,USW00014732,2026-01-08,2026,8,False,9.964,2.764,6.364,0.0
newyorkcity,USW00014732,2026-01-09,2026,9,False,12.164,1.664,6.914,0.0
newyorkcity,USW00014732,2026-01-10,2026,10,False,11.664,3.264,7.464,11.7
newyorkcity,USW00014732,2026-01-11,2026,11,False,8.264,1.064,4.664,0.5
newyorkcity,USW00014732,2026-01-12,2026,12,False,4.964,-0.036,2.464,0.0
newyorkcity,USW00014732,2026-01-13,2026,13,False,8.264,2.764,5.514,0.0
newyorkcity,USW00014732,2026-01-14,2026,14,False,10.564,5.564,8.064,0.0
newyorkcity,USW00014732,2026-01-15,2026,15,False,7.764,-3.936,1.914,0.0
newyorkcity,USW00014732,2026-01-16,2026,16,False,1.064,-5.636,-2.286,0.0
newyorkcity,USW00014732,2026-01-17,2026,17,False,4.364,-0.636,1.864,4.3
newyorkcity,USW00014732,2026-01-18,2026,18,False,1.664,-0.636,0.514,6.6
newyorkcity,USW00014732,2026-01-19,2026,19,False,0.564,-4.436,-1.936,0.0
newyorkcity,USW00014732,2026-01-20,2026,20,False,-2.836,-8.336,-5.586,0.0
newyorkcity,USW00014732,2026-01-21,2026,21,False,4.364,-7.236,-1.436,0.0
newyorkcity,USW00014732,2026-01-22,2026,22,False,8.864,3.864,6.364,0.0
newyorkcity,USW00014732,2026-01-23,2026,23,False,3.864,-9.436,-2.786,0.0
newyorkcity,USW00014732,2026-01-24,2026,24,False,-7.836,-12.236,-10.036,0.0
newyorkcity,USW00014732,2026-01-25,2026,25,False,-4.436,-11.736,-8.086,29.2
newyorkcity,USW00014732,2026-01-26,2026,26,False,-2.836,-7.236,-5.036,3.3
newyorkcity,USW00014732,2026-01-27,2026,27,False,-5.636,-8.936,-7.286,0.0
newyorkcity,USW00014732,2026-01-28,2026,28,False,-4.436,-8.936,-6.686,0.0
newyorkcity,USW00014732,2026-01-29,2026,29,False,-4.436,-10.036,-7.236,0.0
newyorkcity,USW00014732,2026-01-30,2026,30,False,-6.736,-11.736,-9.236,0.0
newyorkcity,USW00014732,2026-01-31,2026,31,False,-3.936,-11.136,-7.536,0.0
newyorkcity,USW00014732,2026-02-01,2026,32,False,-3.936,-11.736,-7.836,0.0
newyorkcity,USW00014732,2026-02-02,2026,33,False,1.664,-8.936,-3.636,0.0
newyorkcity,USW00014732,2026-02-03,2026,34,False,1.064,-4.436,-1.686,0.0
newyorkcity,USW00014732,2026-02-04,2026,35,False,0.564,-2.836,-1.136,0.0
newyorkcity,USW00014732,2026-02-05,2026,36,False,-0.036,-5.636,-2.836,0.0
newyorkcity,USW00014732,2026-02-06,2026,37,False,1.064,-5.036,-1.986,0.0
newyorkcity,USW00014732,2026-02-07,2026,38,False,-2.236,-13.936,-8.086,0.0
newyorkcity,USW00014732,2026-02-08,2026,39,False,-6.736,-15.036,-10.886,0.0
newyorkcity,USW00014732,2026-02-09,2026,40,False,-0.636,-11.736,-6.186,0.0
newyorkcity,USW00014732,2026-02-10,2026,41,False,2.164,-3.936,-0.886,0.0
newyorkcity,USW00014732,2026-02-11,2026,42,False,5.564,-0.636,2.464,0.8
newyorkcity,USW00014732,2026-02-12,2026,43,False,2.164,-2.236,-0.036,0.0
newyorkcity,USW00014732,2026-02-13,2026,44,False,3.864,-4.436,-0.286,0.0
newyorkcity,USW00014732,2026-02-14,2026,45,False,7.764,-1.136,3.314,0.0
newyorkcity,USW00014732,2026-02-15,2026,46,False,3.864,-1.736,1.064,0.8
newyorkcity,USW00014732,2026-02-16,2026,47,False,3.864,-1.136,1.364,1.0
newyorkcity,USW00014732,2026-02-17,2026,48,False,8.264,2.164,5.214,0.0
newyorkcity,USW00014732,2026-02-18,2026,49,True,7.372,0.475,3.923,1.838
newyorkcity,USW00014732,2026-02-19,2026,50,True,5.303,-1.686,1.808,0.695
newyorkcity,USW00014732,2026-02-20,2026,51,True,5.208,-1.679,1.765,0.919
newyorkcity,USW00014732,2026-02-21,2026,52,True,6.309,-0.936,2.686,2.348
newyorkcity,USW00014732,2026-02-22,2026,53,True,7.174,0.313,3.743,2.538
newyorkcity,USW00014732,2026-02-23,2026,54,True,6.888,0.194,3.541,1.933
newyorkcity,USW00014732,2026-02-24,2026,55,True,6.704,-1.11,2.797,4.233
newyorkcity,USW00014732,2026-02-25,2026,56,True,6.695,-0.833,2.931,6.262
newyorkcity,USW00014732,2026-02-26,2026,57,True,5.305,-1.161,2.072,1.524
newyorkcity,USW00014732,2026-02-27,2026,58,True,6.432,-1.415,2.508,3.543
newyorkcity,USW00014732,2026-02-28,2026,59,True,6.487,-0.429,3.029,1.962
newyorkcity,USW00014732,2026-03-01,2026,60,True,6.682,-0.838,2.922,2.914
newyorkcity,USW00014732,2026-03-02,2026,61,True,6.08,-1.17,2.455,6.995
newyorkcity,USW00014732,2026-03-03,2026,62,True,5.487,-2.398,1.545,3.9
newyorkcity,USW00014732,2026-03-04,2026,63,True,5.839,-1.59,2.125,2.59
newyorkcity,USW00014732,2026-03-05,2026,64,True,7.052,-0.76,3.146,2.814
newyorkcity,USW00014732,2026-03-06,2026,65,True,6.552,-0.859,2.847,3.448
newyorkcity,USW00014732,2026-03-07,2026,66,True,7.68,0.059,3.869,3.79
newyorkcity,USW00014732,2026-03-08,2026,67,True,9.056,0.362,4.709,2.467
newyorkcity,USW00014732,2026-03-09,2026,68,True,10.247,1.466,5.856,2.052
newyorkcity,USW00014732,2026-03-10,2026,69,True,10.985,1.356,6.17,5.581
newyorkcity,USW00014732,2026-03-11,2026,70,True,11.285,3.022,7.153,1.933
newyorkcity,USW00014732,2026-03-12,2026,71,True,9.661,1.988,5.824,2.633
newyorkcity,USW00014732,2026-03-13,2026,72,True,8.213,1.288,4.751,4.971
newyorkcity,USW00014732,2026-03-14,2026,73,True,10.327,1.897,6.112,3.262
newyorkcity,USW00014732,2026-03-15,2026,74,True,10.751,2.378,6.565,1.262
newyorkcity,USW00014732,2026-03-16,2026,75,True,9.718,1.978,5.848,2.257
newyorkcity,USW00014732,2026-03-17,2026,76,True,9.499,1.364,5.431,1.386
newyorkcity,USW00014732,2026-03-18,2026,77,True,10.67,2.288,6.479,1.671
newyorkcity,USW00014732,2026-03-19,2026,78,True,9.794,1.969,5.881,1.929
newyorkcity,USW00014732,2026-03-20,2026,79,True,9.637,2.297,5.967,4.333
newyorkcity,USW00014732,2026-03-21,2026,80,True,10.594,2.064,6.329,2.471
newyorkcity,USW00014732,2026-03-22,2026,81,True,11.327,2.192,6.76,2.5
newyorkcity,USW00014732,2026-03-23,2026,82,True,9.051,1.326,5.188,1.576
newyorkcity,USW00014732,2026-03-24,2026,83,True,9.932,2.178,6.055,9.567
newyorkcity,USW00014732,2026-03-25,2026,84,True,9.951,2.873,6.412,0.562
newyorkcity,USW00014732,2026-03-26,2026,85,True,10.118,2.445,6.281,1.186
newyorkcity,USW00014732,2026-03-27,2026,86,True,10.675,2.207,6.441,0.924
newyorkcity,USW00014732,2026-03-28,2026,87,True,10.242,3.059,6.65,5.524
newyorkcity,USW00014732,2026-03-29,2026,88,True,12.132,4.188,8.16,6.929
newyorkcity,USW00014732,2026-03-30,2026,89,True,11.808,3.773,7.791,2.976
newyorkcity,USW00014732,2026-03-31,2026,90,True,12.58,3.864,8.222,4.838
newyorkcity,USW00014732,2026-04-01,2026,91,True,12.984,4.502,8.743,2.243
newyorkcity,USW00014732,2026-04-02,2026,92,True,12.365,4.24,8.303,3.805
newyorkcity,USW00014732,2026-04-03,2026,93,True,13.194,4.897,9.046,3.8
newyorkcity,USW00014732,2026-04-04,2026,94,True,12.984,5.202,9.093,5.876
newyorkcity,USW00014732,2026-04-05,2026,95,True,13.099,4.64,8.869,2.633
newyorkcity,USW00014732,2026-04-06,2026,96,True,13.956,4.478,9.217,3.057
newyorkcity,USW00014732,2026-04-07,2026,97,True,13.584,4.84,9.212,2.99
newyorkcity,USW00014732,2026-04-08,2026,98,True,13.846,5.216,9.531,2.176
newyorkcity,USW00014732,2026-04-09,2026,99,True,13.57,4.688,9.129,0.595
newyorkcity,USW00014732,2026-04-10,2026,100,True,14.494,5.749,10.122,1.262
newyorkcity,USW00014732,2026-04-11,2026,101,True,15.218,6.164,10.691,1.676
newyorkcity,USW00014732,2026-04-12,2026,102,True,15.165,6.745,10.955,6.1
newyorkcity,USW00014732,2026-04-13,2026,103,True,17.465,7.802,12.634,2.019
newyorkcity,USW00014732,2026-04-14,2026,104,True,17.68,8.678,13.179,2.829
newyorkcity,USW00014732,2026-04-15,2026,105,True,16.146,6.888,11.517,11.995
newyorkcity,USW00014732,2026-04-16,2026,106,True,15.994,6.854,11.424,6.119
newyorkcity,USW00014732,2026-04-17,2026,107,True,16.037,7.649,11.843,0.452
newyorkcity,USW00014732,2026-04-18,2026,108,True,16.699,7.478,12.088,1.238
newyorkcity,USW00014732,2026-04-19,2026,109,True,16.927,7.621,12.274,2.024
newyorkcity,USW00014732,2026-04-20,2026,110,True,17.846,7.935,12.891,4.533
newyorkcity,USW00014732,2026-04-21,2026,111,True,16.665,7.673,12.169,1.167
newyorkcity,USW00014732,2026-04-22,2026,112,True,15.956,7.621,11.788,3.514
newyorkcity,USW00014732,2026-04-23,2026,113,True,16.704,7.54,12.122,8.671
newyorkcity,USW00014732,2026-04-24,2026,114,True,17.161,8.021,12.591,1.443
newyorkcity,USW00014732,2026-04-25,2026,115,True,16.861,8.111,12.486,4.505
newyorkcity,USW00014732,2026-04-26,2026,116,True,17.494,8.63,13.062,4.229
newyorkcity,USW00014732,2026-04-27,2026,117,True,15.618,8.273,11.946,3.838
newyorkcity,USW00014732,2026-04-28,2026,118,True,17.751,8.764,13.257,0.938
newyorkcity,USW00014732,2026-04-29,2026,119,True,17.623,8.869,13.246,4.838
newyorkcity,USW00014732,2026-04-30,2026,120,True,17.461,8.783,13.122,10.852
newyorkcity,USW00014732,2026-05-01,2026,121,True,18.47,8.94,13.705,2.376
newyorkcity,USW00014732,2026-05-02,2026,122,True,20.084,10.426,15.255,2.419
newyorkcity,USW00014732,2026-05-03,2026,123,True,18.918,10.673,14.796,3.057
newyorkcity,USW00014732,2026-05-04,2026,124,True,18.87,10.616,14.743,2.976
newyorkcity,USW00014732,2026-05-05,2026,125,True,18.623,10.654,14.638,7.01
newyorkcity,USW00014732,2026-05-06,2026,126,True,18.08,9.878,13.979,2.648
newyorkcity,USW00014732,2026-05-07,2026,127,True,18.627,9.916,14.272,2.914
newyorkcity,USW00014732,2026-05-08,2026,128,True,19.242,10.688,14.965,3.371
newyorkcity,USW00014732,2026-05-09,2026,129,True,18.951,10.635,14.793,3.148
newyorkcity,USW00014732,2026-05-10,2026,130,True,20.037,10.745,15.391,3.105
newyorkcity,USW00014732,2026-05-11,2026,131,True,20.108,11.702,15.905,2.133
newyorkcity,USW00014732,2026-05-12,2026,132,True,19.775,10.883,15.329,4.09
newyorkcity,USW00014732,2026-05-13,2026,133,True,17.575,10.021,13.798,3.424
newyorkcity,USW00014732,2026-05-14,2026,134,True,19.499,10.897,15.198,2.167
newyorkcity,USW00014732,2026-05-15,2026,135,True,22.389,12.373,17.381,2.157
newyorkcity,USW00014732,2026-05-16,2026,136,True,21.946,13.202,17.574,6.233
newyorkcity,USW00014732,2026-05-17,2026,137,True,22.208,12.711,17.46,2.69
newyorkcity,USW00014732,2026-05-18,2026,138,True,20.27,12.464,16.367,2.862
newyorkcity,USW00014732,2026-05-19,2026,139,True,20.332,12.097,16.215,4.257
newyorkcity,USW00014732,2026-05-20,2026,140,True,21.808,12.121,16.965,2.29
newyorkcity,USW00014732,2026-05-21,2026,141,True,22.151,12.73,17.441,1.052
newyorkcity,USW00014732,2026-05-22,2026,142,True,20.927,12.511,16.719,3.757
newyorkcity,USW00014732,2026-05-23,2026,143,True,21.404,12.83,17.117,3.548
newyorkcity,USW00014732,2026-05-24,2026,144,True,22.461,13.192,17.827,1.371
newyorkcity,USW00014732,2026-05-25,2026,145,True,22.565,13.73,18.148,2.324
newyorkcity,USW00014732,2026-05-26,2026,146,True,24.823,14.897,19.86,0.824
newyorkcity,USW00014732,2026-05-27,2026,147,True,25.632,15.397,20.515,1.229
newyorkcity,USW00014732,2026-05-28,2026,148,True,23.404,14.992,19.198,4.224
newyorkcity,USW00014732,2026-05-29,2026,149,True,23.923,14.764,19.343,2.69
newyorkcity,USW00014732,2026-05-30,2026,150,True,25.118,15.764,20.441,2.79
newyorkcity,USW00014732,2026-05-31,2026,151,True,25.913,15.74,20.827,4.252
vancouver,CA001108395,2025-10-01,2025,274,True,16.315,7.384,11.849,1.447
vancouver,CA001108395,2025-10-02,2025,275,True,15.968,7.598,11.783,1.532
vancouver,CA001108395,2025-10-03,2025,276,True,16.147,6.97,11.559,0.526
vancouver,CA001108395,2025-10-04,2025,277,True,15.739,7.595,11.667,1.058
vancouver,CA001108395,2025-10-05,2025,278,True,15.779,7.733,11.756,1.4
vancouver,CA001108395,2025-10-06,2025,279,True,15.973,7.003,11.488,0.711
vancouver,CA001108395,2025-10-07,2025,280,True,15.538,8.149,11.844,3.516
vancouver,CA001108395,2025-10-08,2025,281,True,15.63,7.344,11.487,1.161
vancouver,CA001108395,2025-10-09,2025,282,True,15.824,7.259,11.542,2.889
vancouver,CA001108395,2025-10-10,2025,283,True,15.031,6.944,10.987,3.984
vancouver,CA001108395,2025-10-11,2025,284,True,14.549,5.73,10.14,1.753
vancouver,CA001108395,2025-10-12,2025,285,True,13.722,5.112,9.417,3.468
vancouver,CA001108395,2025-10-13,2025,286,True,14.431,5.349,9.89,1.626
vancouver,CA001108395,2025-10-14,2025,287,True,14.48,6.233,10.357,3.553
vancouver,CA001108395,2025-10-15,2025,288,True,14.299,6.954,10.626,7.442
vancouver,CA001108395,2025-10-16,2025,289,True,14.351,6.517,10.434,6.716
vancouver,CA001108395,2025-10-17,2025,290,True,14.017,7.012,10.515,5.679
vancouver,CA001108395,2025-10-18,2025,291,True,13.768,7.363,10.565,8.006
vancouver,CA001108395,2025-10-19,2025,292,True,13.487,7.106,10.296,4.084
vancouver,CA001108395,2025-10-20,2025,293,True,13.271,7.286,10.279,8.705
vancouver,CA001108395,2025-10-21,2025,294,True,13.072,6.971,10.022,6.847
vancouver,CA001108395,2025-10-22,2025,295,True,12.872,6.097,9.484,5.7
vancouver,CA001108395,2025-10-23,2025,296,True,12.568,4.861,8.715,2.379
vancouver,CA001108395,2025-10-24,2025,297,True,12.768,5.601,9.184,4.237
vancouver,CA001108395,2025-10-25,2025,298,True,12.128,5.565,8.846,5.067
vancouver,CA001108395,2025-10-26,2025,299,True,11.809,4.074,7.942,3.463
vancouver,CA001108395,2025-10-27,2025,300,True,11.912,4.073,7.993,3.026
vancouver,CA001108395,2025-10-28,2025,301,True,12.131,5.126,8.629,5.305
vancouver,CA001108395,2025-10-29,2025,302,True,12.671,4.988,8.83,4.358
vancouver,CA001108395,2025-10-30,2025,303,True,12.271,4.001,8.136,5.747
vancouver,CA001108395,2025-10-31,2025,304,True,11.924,4.285,8.104,3.721
vancouver,CA001108395,2025-11-01,2025,305,True,11.618,3.357,7.487,8.021
vancouver,CA001108395,2025-11-02,2025,306,True,11.428,3.69,7.559,8.237
vancouver,CA001108395,2025-11-03,2025,307,True,11.168,4.103,7.635,9.532
vancouver,CA001108395,2025-11-04,2025,308,True,12.054,4.854,8.454,6.958
vancouver,CA001108395,2025-11-05,2025,309,True,12.016,4.581,8.299,3.621
vancouver,CA001108395,2025-11-06,2025,310,True,11.346,3.999,7.673,7.3
vancouver,CA001108395,2025-11-07,2025,311,True,10.711,3.945,7.328,6.639
vancouver,CA001108395,2025-11-08,2025,312,True,10.748,4.266,7.507,2.689
vancouver,CA001108395,2025-11-09,2025,313,True,10.618,4.139,7.379,4.353
vancouver,CA001108395,2025-11-10,2025,314,True,10.161,3.724,6.942,5.153
vancouver,CA001108395,2025-11-11,2025,315,True,10.22,3.421,6.82,4.437
vancouver,CA001108395,2025-11-12,2025,316,True,10.092,3.303,6.698,6.784
vancouver,CA001108395,2025-11-13,2025,317,True,10.401,3.102,6.751,8.295
vancouver,CA001108395,2025-11-14,2025,318,True,10.144,3.198,6.671,8.232
vancouver,CA001108395,2025-11-15,2025,319,True,10.052,2.959,6.505,7.642
vancouver,CA001108395,2025-11-16,2025,320,True,9.545,2.058,5.802,5.232
vancouver,CA001108395,2025-11-17,2025,321,True,10.005,1.818,5.911,5.332
vancouver,CA001108395,2025-11-18,2025,322,True,9.616,1.715,5.666,5.753
vancouver,CA001108395,2025-11-19,2025,323,True,8.507,1.319,4.913,6.256
vancouver,CA001108395,2025-11-20,2025,324,True,8.417,0.868,4.642,3.978
vancouver,CA001108395,2025-11-21,2025,325,True,8.783,1.657,5.22,6.4
vancouver,CA001108395,2025-11-22,2025,326,True,8.772,1.688,5.23,7.567
vancouver,CA001108395,2025-11-23,2025,327,True,8.273,2.086,5.18,5.858
vancouver,CA001108395,2025-11-24,2025,328,True,8.925,2.006,5.465,2.753
vancouver,CA001108395,2025-11-25,2025,329,True,8.56,2.205,5.383,6.9
vancouver,CA001108395,2025-11-26,2025,330,True,8.769,1.553,5.161,7.311
vancouver,CA001108395,2025-11-27,2025,331,True,8.936,1.863,5.399,7.522
vancouver,CA001108395,2025-11-28,2025,332,True,7.738,0.433,4.085,4.268
vancouver,CA001108395,2025-11-29,2025,333,True,6.903,0.123,3.513,3.079
vancouver,CA001108395,2025-11-30,2025,334,True,7.301,0.303,3.802,8.026
vancouver,CA001108395,2025-12-01,2025,335,True,7.526,1.264,4.395,5.942
vancouver,CA001108395,2025-12-02,2025,336,True,7.35,0.295,3.823,2.756
vancouver,CA001108395,2025-12-03,2025,337,True,7.384,0.093,3.738,6.342
vancouver,CA001108395,2025-12-04,2025,338,True,7.167,-0.406,3.38,5.126
vancouver,CA001108395,2025-12-05,2025,339,True,7.084,-0.648,3.218,3.505
vancouver,CA001108395,2025-12-06,2025,340,True,6.999,-0.196,3.401,4.053
vancouver,CA001108395,2025-12-07,2025,341,True,6.867,0.281,3.574,2.574
vancouver,CA001108395,2025-12-08,2025,342,True,6.997,0.314,3.655,5.263
vancouver,CA001108395,2025-12-09,2025,343,True,6.71,0.282,3.496,5.789
vancouver,CA001108395,2025-12-10,2025,344,True,6.908,0.974,3.941,5.658
vancouver,CA001108395,2025-12-11,2025,345,True,7.337,0.898,4.117,4.911
vancouver,CA001108395,2025-12-12,2025,346,True,7.175,0.286,3.73,6.553
vancouver,CA001108395,2025-12-13,2025,347,True,6.893,0.337,3.615,7.695
vancouver,CA001108395,2025-12-14,2025,348,True,6.885,0.72,3.803,3.884
vancouver,CA001108395,2025-12-15,2025,349,True,7.068,0.369,3.718,4.989
vancouver,CA001108395,2025-12-16,2025,350,True,6.87,0.53,3.7,2.932
vancouver,CA001108395,2025-12-17,2025,351,True,6.21,0.598,3.404,5.479
vancouver,CA001108395,2025-12-18,2025,352,True,6.944,0.812,3.878,6.853
vancouver,CA001108395,2025-12-19,2025,353,True,6.138,0.498,3.318,10.189
vancouver,CA001108395,2025-12-20,2025,354,True,6.186,0.565,3.376,9.363
vancouver,CA001108395,2025-12-21,2025,355,True,5.788,-0.86,2.464,5.484
vancouver,CA001108395,2025-12-22,2025,356,True,6.207,-0.891,2.658,5.537
vancouver,CA001108395,2025-12-23,2025,357,True,5.881,-0.693,2.594,5.65
vancouver,CA001108395,2025-12-24,2025,358,True,6.111,-0.266,2.923,5.195
vancouver,CA001108395,2025-12-25,2025,359,True,6.147,-0.457,2.845,5.389
vancouver,CA001108395,2025-12-26,2025,360,True,5.76,-0.072,2.844,4.179
vancouver,CA001108395,2025-12-27,2025,361,True,5.525,0.164,2.845,8.417
vancouver,CA001108395,2025-12-28,2025,362,True,5.759,-0.086,2.837,8.432
vancouver,CA001108395,2025-12-29,2025,363,True,6.193,0.076,3.134,3.8
vancouver,CA001108395,2025-12-30,2025,364,True,6.284,0.124,3.204,3.494
vancouver,CA001108395,2025-12-31,2025,365,True,5.895,-1.162,2.366,4.168
vancouver,CA001108395,2026-01-01,2026,1,True,6.028,-0.763,2.632,3.095
vancouver,CA001108395,2026-01-02,2026,2,True,6.04,0.052,3.046,6.355
vancouver,CA001108395,2026-01-03,2026,3,True,6.768,-0.298,3.235,5.795
vancouver,CA001108395,2026-01-04,2026,4,True,6.985,0.477,3.731,7.965
vancouver,CA001108395,2026-01-05,2026,5,True,7.087,0.729,3.908,8.08
vancouver,CA001108395,2026-01-06,2026,6,True,7.361,0.858,4.11,5.735
vancouver,CA001108395,2026-01-07,2026,7,True,6.706,1.067,3.887,7.78
vancouver,CA001108395,2026-01-08,2026,8,True,6.926,1.016,3.971,7.375
vancouver,CA001108395,2026-01-09,2026,9,True,7.412,0.603,4.008,5.655
vancouver,CA001108395,2026-01-10,2026,10,True,7.463,0.644,4.053,6.725
vancouver,CA001108395,2026-01-11,2026,11,True,7.147,-0.028,3.559,10.135
vancouver,CA001108395,2026-01-12,2026,12,True,6.603,-0.029,3.287,8.44
vancouver,CA001108395,2026-01-13,2026,13,True,6.716,-0.66,3.028,3.655
vancouver,CA001108395,2026-01-14,2026,14,True,6.067,-0.935,2.566,2.06
vancouver,CA001108395,2026-01-15,2026,15,True,6.452,-1.072,2.69,3.96
vancouver,CA001108395,2026-01-16,2026,16,True,6.635,0.156,3.396,3.62
vancouver,CA001108395,2026-01-17,2026,17,True,7.051,0.739,3.895,7.15
vancouver,CA001108395,2026-01-18,2026,18,True,7.063,1.081,4.072,5.505
vancouver,CA001108395,2026-01-19,2026,19,True,7.007,0.594,3.801,4.37
vancouver,CA001108395,2026-01-20,2026,20,True,7.183,0.159,3.671,3.45
vancouver,CA001108395,2026-01-21,2026,21,True,7.341,0.165,3.753,5.5
vancouver,CA001108395,2026-01-22,2026,22,True,7.026,1.129,4.078,4.455
vancouver,CA001108395,2026-01-23,2026,23,True,6.985,0.89,3.938,6.33
vancouver,CA001108395,2026-01-24,2026,24,True,7.252,1.702,4.477,4.76
vancouver,CA001108395,2026-01-25,2026,25,True,7.864,1.344,4.604,3.64
vancouver,CA001108395,2026-01-26,2026,26,True,7.978,1.23,4.604,2.042
vancouver,CA001108395,2026-01-27,2026,27,True,7.74,1.136,4.438,4.535
vancouver,CA001108395,2026-01-28,2026,28,True,8.062,0.545,4.303,3.525
vancouver,CA001108395,2026-01-29,2026,29,True,8.002,1.168,4.585,4.485
vancouver,CA001108395,2026-01-30,2026,30,True,7.485,1.375,4.43,3.87
vancouver,CA001108395,2026-01-31,2026,31,True,7.688,1.79,4.739,4.925
vancouver,CA001108395,2026-02-01,2026,32,True,8.081,1.52,4.8,5.85
vancouver,CA001108395,2026-02-02,2026,33,True,7.797,0.507,4.152,3.515
vancouver,CA001108395,2026-02-03,2026,34,True,7.06,0.227,3.644,2.795
vancouver,CA001108395,2026-02-04,2026,35,True,6.675,0.302,3.488,6.465
vancouver,CA001108395,2026-02-05,2026,36,True,7.265,0.592,3.928,4.375
vancouver,CA001108395,2026-02-06,2026,37,True,6.852,0.862,3.857,2.48
vancouver,CA001108395,2026-02-07,2026,38,True,7.636,1.113,4.374,2.845
vancouver,CA001108395,2026-02-08,2026,39,True,7.388,0.13,3.759,1.34
vancouver,CA001108395,2026-02-09,2026,40,True,7.426,-0.086,3.67,2.5
vancouver,CA001108395,2026-02-10,2026,41,True,7.16,-0.149,3.505,2.335
vancouver,CA001108395,2026-02-11,2026,42,True,7.54,0.162,3.851,3.235
vancouver,CA001108395,2026-02-12,2026,43,True,7.673,1.124,4.399,4.337
vancouver,CA001108395,2026-02-13,2026,44,True,8.141,1.014,4.578,3.005
vancouver,CA001108395,2026-02-14,2026,45,True,7.913,0.478,4.195,3.315
vancouver,CA001108395,2026-02-15,2026,46,True,7.904,1.029,4.466,7.63
vancouver,CA001108395,2026-02-16,2026,47,True,8.838,0.644,4.741,2.88
vancouver,CA001108395,2026-02-17,2026,48,True,8.634,0.611,4.623,2.03
vancouver,CA001108395,2026-02-18,2026,49,True,8.145,0.757,4.451,2.763
vancouver,CA001108395,2026-02-19,2026,50,True,8.201,0.479,4.34,2.91
vancouver,CA001108395,2026-02-20,2026,51,True,8.35,0.41,4.38,0.93
vancouver,CA001108395,2026-02-21,2026,52,True,8.312,-0.284,4.014,1.925
vancouver,CA001108395,2026-02-22,2026,53,True,7.781,-0.235,3.773,3.74
vancouver,CA001108395,2026-02-23,2026,54,True,7.519,-0.43,3.544,2.755
vancouver,CA001108395,2026-02-24,2026,55,True,7.37,-0.055,3.657,4.089
vancouver,CA001108395,2026-02-25,2026,56,True,7.578,-0.49,3.544,3.975
vancouver,CA001108395,2026-02-26,2026,57,True,8.095,-0.109,3.993,2.105
vancouver,CA001108395,2026-02-27,2026,58,True,8.262,0.493,4.377,4.532
vancouver,CA001108395,2026-02-28,2026,59,True,8.531,1.32,4.925,4.221
vancouver,CA001108395,2026-03-01,2026,60,True,9.018,1.287,5.153,2.816
vancouver,CA001108395,2026-03-02,2026,61,True,8.951,1.474,5.212,4.216
vancouver,CA001108395,2026-03-03,2026,62,True,9.378,1.627,5.502,2.721
vancouver,CA001108395,2026-03-04,2026,63,True,8.675,0.98,4.827,3.52
vancouver,CA001108395,2026-03-05,2026,64,True,9.51,1.443,5.476,3.055
vancouver,CA001108395,2026-03-06,2026,65,True,9.947,1.526,5.737,1.916
vancouver,CA001108395,2026-03-07,2026,66,True,9.042,1.265,5.153,1.88
vancouver,CA001108395,2026-03-08,2026,67,True,8.8,0.805,4.802,4.445
vancouver,CA001108395,2026-03-09,2026,68,True,8.884,1.208,5.046,3.515
vancouver,CA001108395,2026-03-10,2026,69,True,9.026,0.772,4.899,3.185
vancouver,CA001108395,2026-03-11,2026,70,True,9.266,1.873,5.569,6.545
vancouver,CA001108395,2026-03-12,2026,71,True,10.2,2.404,6.302,5.245
vancouver,CA001108395,2026-03-13,2026,72,True,10.636,2.709,6.673,3.545
vancouver,CA001108395,2026-03-14,2026,73,True,10.23,2.957,6.594,6.89
vancouver,CA001108395,2026-03-15,2026,74,True,9.755,2.567,6.161,3.895
vancouver,CA001108395,2026-03-16,2026,75,True,9.966,1.646,5.806,3.385
vancouver,CA001108395,2026-03-17,2026,76,True,10.51,1.525,6.017,2.7
vancouver,CA001108395,2026-03-18,2026,77,True,10.692,1.909,6.3,2.87
vancouver,CA001108395,2026-03-19,2026,78,True,10.823,2.458,6.64,3.085
vancouver,CA001108395,2026-03-20,2026,79,True,10.711,2.12,6.415,3.47
vancouver,CA001108395,2026-03-21,2026,80,True,10.887,2.267,6.577,4.505
vancouver,CA001108395,2026-03-22,2026,81,True,10.881,3.017,6.949,3.995
vancouver,CA001108395,2026-03-23,2026,82,True,10.761,2.739,6.75,3.04
vancouver,CA001108395,2026-03-24,2026,83,True,10.651,2.871,6.761,5.305
vancouver,CA001108395,2026-03-25,2026,84,True,11.03,3.139,7.084,2.975
vancouver,CA001108395,2026-03-26,2026,85,True,11.67,3.74,7.705,3.5
vancouver,CA001108395,2026-03-27,2026,86,True,12.147,3.883,8.015,3.83
vancouver,CA001108395,2026-03-28,2026,87,True,11.942,4.547,8.244,5.29
vancouver,CA001108395,2026-03-29,2026,88,True,11.779,4.049,7.914,4.57
vancouver,CA001108395,2026-03-30,2026,89,True,12.139,3.736,7.938,2.615
vancouver,CA001108395,2026-03-31,2026,90,True,11.486,3.202,7.344,3.595
vancouver,CA001108395,2026-04-01,2026,91,True,11.76,3.241,7.5,1.585
vancouver,CA001108395,2026-04-02,2026,92,True,12.028,2.904,7.466,3.935
vancouver,CA001108395,2026-04-03,2026,93,True,11.32,3.871,7.595,2.91
vancouver,CA001108395,2026-04-04,2026,94,True,11.738,3.648,7.693,3.17
vancouver,CA001108395,2026-04-05,2026,95,True,11.8,3.287,7.544,5.737
vancouver,CA001108395,2026-04-06,2026,96,True,12.696,4.198,8.447,2.25
vancouver,CA001108395,2026-04-07,2026,97,True,13.12,4.696,8.908,4.155
vancouver,CA001108395,2026-04-08,2026,98,True,12.141,4.708,8.424,4.195
vancouver,CA001108395,2026-04-09,2026,99,True,12.237,4.596,8.416,3.135
vancouver,CA001108395,2026-04-10,2026,100,True,12.054,4.276,8.165,2.36
vancouver,CA001108395,2026-04-11,2026,101,True,12.43,3.683,8.056,2.07
vancouver,CA001108395,2026-04-12,2026,102,True,12.183,4.137,8.16,2.06
vancouver,CA001108395,2026-04-13,2026,103,True,12.028,4.075,8.051,4.765
vancouver,CA001108395,2026-04-14,2026,104,True,12.7,3.164,7.932,1.52
vancouver,CA001108395,2026-04-15,2026,105,True,12.503,3.921,8.212,1.595
vancouver,CA001108395,2026-04-16,2026,106,True,12.838,3.181,8.009,2.45
vancouver,CA001108395,2026-04-17,2026,107,True,13.649,4.199,8.924,3.285
vancouver,CA001108395,2026-04-18,2026,108,True,13.61,4.303,8.957,2.895
vancouver,CA001108395,2026-04-19,2026,109,True,14.469,4.767,9.618,2.27
vancouver,CA001108395,2026-04-20,2026,110,True,14.356,5.226,9.791,3.01
vancouver,CA001108395,2026-04-21,2026,111,True,14.527,5.004,9.765,2.115
vancouver,CA001108395,2026-04-22,2026,112,True,13.79,5.283,9.537,1.63
vancouver,CA001108395,2026-04-23,2026,113,True,13.679,4.864,9.271,1.826
vancouver,CA001108395,2026-04-24,2026,114,True,14.639,4.74,9.69,2.855
vancouver,CA001108395,2026-04-25,2026,115,True,13.823,5.51,9.667,1.87
vancouver,CA001108395,2026-04-26,2026,116,True,14.53,6.083,10.306,3.11
vancouver,CA001108395,2026-04-27,2026,117,True,14.832,6.152,10.492,2.915
vancouver,CA001108395,2026-04-28,2026,118,True,14.67,5.825,10.248,1.635
vancouver,CA001108395,2026-04-29,2026,119,True,15.381,6.216,10.799,1.345
vancouver,CA001108395,2026-04-30,2026,120,True,14.942,6.384,10.663,1.925
vancouver,CA001108395,2026-05-01,2026,121,True,15.191,6.044,10.617,1.426
vancouver,CA001108395,2026-05-02,2026,122,True,15.887,6.479,11.183,1.26
vancouver,CA001108395,2026-05-03,2026,123,True,15.806,7.18,11.493,3.705
vancouver,CA001108395,2026-05-04,2026,124,True,15.75,7.035,11.393,1.76
vancouver,CA001108395,2026-05-05,2026,125,True,15.418,6.232,10.825,2.974
vancouver,CA001108395,2026-05-06,2026,126,True,15.882,6.999,11.44,0.289
vancouver,CA001108395,2026-05-07,2026,127,True,16.424,7.073,11.749,2.5
vancouver,CA001108395,2026-05-08,2026,128,True,16.375,7.18,11.778,1.04
vancouver,CA001108395,2026-05-09,2026,129,True,16.809,6.986,11.898,0.315
vancouver,CA001108395,2026-05-10,2026,130,True,17.293,7.029,12.161,0.065
vancouver,CA001108395,2026-05-11,2026,131,True,17.45,7.525,12.487,1.93
vancouver,CA001108395,2026-05-12,2026,132,True,17.736,7.773,12.755,2.65
vancouver,CA001108395,2026-05-13,2026,133,True,17.496,7.939,12.717,0.955
vancouver,CA001108395,2026-05-14,2026,134,True,17.956,8.015,12.985,1.845
vancouver,CA001108395,2026-05-15,2026,135,True,18.155,9.563,13.859,3.795
vancouver,CA001108395,2026-05-16,2026,136,True,17.899,9.427,13.663,1.26
vancouver,CA001108395,2026-05-17,2026,137,True,17.994,9.471,13.732,1.111
vancouver,CA001108395,2026-05-18,2026,138,True,18.388,9.527,13.957,1.055
vancouver,CA001108395,2026-05-19,2026,139,True,18.718,9.177,13.948,1.14
vancouver,CA001108395,2026-05-20,2026,140,True,17.87,8.633,13.251,0.99
vancouver,CA001108395,2026-05-21,2026,141,True,17.837,8.514,13.175,1.12
vancouver,CA001108395,2026-05-22,2026,142,True,18.045,8.507,13.276,2.115
vancouver,CA001108395,2026-05-23,2026,143,True,17.743,9.164,13.454,1.868
vancouver,CA001108395,2026-05-24,2026,144,True,17.244,9.403,13.323,0.61
vancouver,CA001108395,2026-05-25,2026,145,True,17.814,9.323,13.569,0.945
vancouver,CA001108395,2026-05-26,2026,146,True,18.518,9.723,14.12,3.06
vancouver,CA001108395,2026-05-27,2026,147,True,18.493,10.084,14.288,2.3
vancouver,CA001108395,2026-05-28,2026,148,True,19.198,9.618,14.408,1.905
vancouver,CA001108395,2026-05-29,2026,149,True,19.145,9.882,14.513,2.832
vancouver,CA001108395,2026-05-30,2026,150,True,18.994,9.37,14.182,1.18
vancouver,CA001108395,2026-05-31,2026,151,True,19.271,9.465,14.368,1.465
washingtondc,USW00013743,2025-10-01,2025,274,False,23.927,15.027,19.477,0.0
washingtondc,USW00013743,2025-10-02,2025,275,False,22.227,12.827,17.527,0.0
washingtondc,USW00013743,2025-10-03,2025,276,False,22.227,12.827,17.527,0.0
washingtondc,USW00013743,2025-10-04,2025,277,False,25.627,12.827,19.227,0.0
washingtondc,USW00013743,2025-10-05,2025,278,False,26.727,14.427,20.577,0.0
washingtondc,USW00013743,2025-10-06,2025,279,False,27.227,16.127,21.677,0.0
washingtondc,USW00013743,2025-10-07,2025,280,False,28.327,17.227,22.777,0.0
washingtondc,USW00013743,2025-10-08,2025,281,False,23.327,13.927,18.627,2.3
washingtondc,USW00013743,2025-10-09,2025,282,False,18.927,10.027,14.477,0.0
washingtondc,USW00013743,2025-10-10,2025,283,False,20.027,10.027,15.027,0.0
washingtondc,USW00013743,2025-10-11,2025,284,False,22.227,10.627,16.427,2.3
washingtondc,USW00013743,2025-10-12,2025,285,False,18.327,14.427,16.377,1.5
washingtondc,USW00013743,2025-10-13,2025,286,False,17.227,13.327,15.277,1.8
washingtondc,USW00013743,2025-10-14,2025,287,False,19.427,13.327,16.377,0.5
washingtondc,USW00013743,2025-10-15,2025,288,False,23.327,12.227,17.777,0.0
washingtondc,USW00013743,2025-10-16,2025,289,False,18.927,9.427,14.177,0.0
washingtondc,USW00013743,2025-10-17,2025,290,False,19.427,7.827,13.627,0.0
washingtondc,USW00013743,2025-10-18,2025,291,False,23.327,10.027,16.677,0.0
washingtondc,USW00013743,2025-10-19,2025,292,False,24.427,13.927,19.177,3.6
washingtondc,USW00013743,2025-10-20,2025,293,False,20.027,10.027,15.027,0.3
washingtondc,USW00013743,2025-10-21,2025,294,False,22.227,8.327,15.277,0.0
washingtondc,USW00013743,2025-10-22,2025,295,False,20.627,11.127,15.877,0.0
washingtondc,USW00013743,2025-10-23,2025,296,False,18.927,8.327,13.627,0.0
washingtondc,USW00013743,2025-10-24,2025,297,False,16.127,5.627,10.877,0.0
washingtondc,USW00013743,2025-10-25,2025,298,False,15.627,4.427,10.027,0.0
washingtondc,USW00013743,2025-10-26,2025,299,False,17.227,5.627,11.427,0.0
washingtondc,USW00013743,2025-10-27,2025,300,False,18.927,6.127,12.527,0.0
washingtondc,USW00013743,2025-10-28,2025,301,False,13.927,7.227,10.577,0.0
washingtondc,USW00013743,2025-10-29,2025,302,False,15.627,9.427,12.527,7.9
washingtondc,USW00013743,2025-10-30,2025,303,False,19.427,11.127,15.277,27.9
washingtondc,USW00013743,2025-10-31,2025,304,False,17.227,9.427,13.327,0.0
washingtondc,USW00013743,2025-11-01,2025,305,False,18.927,7.227,13.077,0.0
washingtondc,USW00013743,2025-11-02,2025,306,False,18.927,6.727,12.827,0.0
washingtondc,USW00013743,2025-11-03,2025,307,False,18.327,11.127,14.727,0.3
washingtondc,USW00013743,2025-11-04,2025,308,False,18.327,9.427,13.877,0.0
washingtondc,USW00013743,2025-11-05,2025,309,False,22.827,5.627,14.227,0.0
washingtondc,USW00013743,2025-11-06,2025,310,False,16.127,6.727,11.427,0.0
washingtondc,USW00013743,2025-11-07,2025,311,False,18.327,3.327,10.827,0.3
washingtondc,USW00013743,2025-11-08,2025,312,False,21.727,12.827,17.277,2.8
washingtondc,USW00013743,2025-11-09,2025,313,False,17.827,10.027,13.927,1.8
washingtondc,USW00013743,2025-11-10,2025,314,False,12.827,2.827,7.827,0.0
washingtondc,USW00013743,2025-11-11,2025,315,False,8.327,-0.573,3.877,0.0
washingtondc,USW00013743,2025-11-12,2025,316,False,16.727,2.827,9.777,0.0
washingtondc,USW00013743,2025-11-13,2025,317,False,15.627,6.127,10.877,0.0
washingtondc,USW00013743,2025-11-14,2025,318,False,13.927,1.727,7.827,0.0
washingtondc,USW00013743,2025-11-15,2025,319,False,18.327,9.427,13.877,0.0
washingtondc,USW00013743,2025-11-16,2025,320,False,18.927,7.227,13.077,0.0
washingtondc,USW00013743,2025-11-17,2025,321,False,11.127,5.027,8.077,0.0
washingtondc,USW00013743,2025-11-18,2025,322,False,10.027,0.627,5.327,3.8
washingtondc,USW00013743,2025-11-19,2025,323,False,10.027,6.127,8.077,3.3
washingtondc,USW00013743,2025-11-20,2025,324,False,9.427,5.627,7.527,0.0
washingtondc,USW00013743,2025-11-21,2025,325,False,13.327,8.327,10.827,0.8
washingtondc,USW00013743,2025-11-22,2025,326,False,15.027,7.227,11.127,3.6
washingtondc,USW00013743,2025-11-23,2025,327,False,17.827,6.127,11.977,0.0
washingtondc,USW00013743,2025-11-24,2025,328,False,15.027,5.027,10.027,0.0
washingtondc,USW00013743,2025-11-25,2025,329,False,12.827,7.227,10.027,4.3
washingtondc,USW00013743,2025-11-26,2025,330,False,22.227,8.927,15.577,0.5
washingtondc,USW00013743,2025-11-27,2025,331,False,8.927,2.827,5.877,0.0
washingtondc,USW00013743,2025-11-28,2025,332,False,6.727,0.027,3.377,0.0
washingtondc,USW00013743,2025-11-29,2025,333,False,6.727,-1.073,2.827,0.0
washingtondc,USW00013743,2025-11-30,2025,334,False,6.727,2.827,4.777,2.0
washingtondc,USW00013743,2025-12-01,2025,335,False,7.827,1.127,4.477,0.0
washingtondc,USW00013743,2025-12-02,2025,336,False,5.627,2.227,3.927,21.8
washingtondc,USW00013743,2025-12-03,2025,337,False,7.827,-1.073,3.377,0.0
washingtondc,USW00013743,2025-12-04,2025,338,False,7.827,-1.073,3.377,0.0
washingtondc,USW00013743,2025-12-05,2025,339,False,1.127,-2.173,-0.523,1.5
washingtondc,USW00013743,2025-12-06,2025,340,False,6.727,-0.573,3.077,0.5
washingtondc,USW00013743,2025-12-07,2025,341,False,6.127,-1.673,2.227,0.0
washingtondc,USW00013743,2025-12-08,2025,342,False,2.827,-3.273,-0.223,0.0
washingtondc,USW00013743,2025-12-09,2025,343,False,0.627,-6.673,-3.023,0.0
washingtondc,USW00013743,2025-12-10,2025,344,False,7.227,-0.573,3.327,0.0
washingtondc,USW00013743,2025-12-11,2025,345,False,6.727,1.127,3.927,0.0
washingtondc,USW00013743,2025-12-12,2025,346,False,3.927,-1.673,1.127,0.0
washingtondc,USW00013743,2025-12-13,2025,347,False,6.727,-1.673,2.527,0.0
washingtondc,USW00013743,2025-12-14,2025,348,False,3.327,-7.773,-2.223,6.6
washingtondc,USW00013743,2025-12-15,2025,349,False,-1.673,-7.773,-4.723,0.0
washingtondc,USW00013743,2025-12-16,2025,350,False,4.427,-5.573,-0.573,0.0
washingtondc,USW00013743,2025-12-17,2025,351,False,10.627,-2.173,4.227,0.0
washingtondc,USW00013743,2025-12-18,2025,352,False,13.927,-2.173,5.877,1.0
washingtondc,USW00013743,2025-12-19,2025,353,False,15.627,2.227,8.927,12.2
washingtondc,USW00013743,2025-12-20,2025,354,False,7.227,-2.173,2.527,0.0
washingtondc,USW00013743,2025-12-21,2025,355,False,10.627,0.627,5.627,0.0
washingtondc,USW00013743,2025-12-22,2025,356,False,7.827,-2.173,2.827,0.0
washingtondc,USW00013743,2025-12-23,2025,357,False,6.127,3.327,4.727,0.8
washingtondc,USW00013743,2025-12-24,2025,358,False,13.927,2.227,8.077,0.0
washingtondc,USW00013743,2025-12-25,2025,359,False,15.627,3.327,9.477,0.0
washingtondc,USW00013743,2025-12-26,2025,360,False,5.027,0.027,2.527,0.3
washingtondc,USW00013743,2025-12-27,2025,361,False,7.827,1.727,4.777,0.0
washingtondc,USW00013743,2025-12-28,2025,362,False,7.227,1.727,4.477,0.0
washingtondc,USW00013743,2025-12-29,2025,363,False,16.127,0.027,8.077,0.3
washingtondc,USW00013743,2025-12-30,2025,364,False,2.827,-2.773,0.027,0.0
washingtondc,USW00013743,2025-12-31,2025,365,False,2.827,-3.273,-0.223,0.0
washingtondc,USW00013743,2026-01-01,2026,1,False,3.327,-2.773,0.277,0.0
washingtondc,USW00013743,2026-01-02,2026,2,False,3.927,-2.173,0.877,0.0
washingtondc,USW00013743,2026-01-03,2026,3,False,2.227,-2.773,-0.273,0.0
washingtondc,USW00013743,2026-01-04,2026,4,False,6.127,-1.073,2.527,0.0
washingtondc,USW00013743,2026-01-05,2026,5,False,5.027,-2.173,1.427,0.0
washingtondc,USW00013743,2026-01-06,2026,6,False,10.027,0.627,5.327,0.0
washingtondc,USW00013743,2026-01-07,2026,7,False,17.227,2.227,9.727,0.0
washingtondc,USW00013743,2026-01-08,2026,8,False,12.827,0.627,6.727,0.0
washingtondc,USW00013743,2026-01-09,2026,9,False,10.627,2.827,6.727,2.8
washingtondc,USW00013743,2026-01-10,2026,10,False,11.127,6.727,8.927,24.6
washingtondc,USW00013743,2026-01-11,2026,11,False,9.427,1.727,5.577,0.0
washingtondc,USW00013743,2026-01-12,2026,12,False,9.427,1.127,5.277,0.0
washingtondc,USW00013743,2026-01-13,2026,13,False,11.727,-1.073,5.327,0.0
washingtondc,USW00013743,2026-01-14,2026,14,False,11.127,6.727,8.927,0.0
washingtondc,USW00013743,2026-01-15,2026,15,False,7.227,-4.973,1.127,0.3
washingtondc,USW00013743,2026-01-16,2026,16,False,3.927,-4.973,-0.523,0.0
washingtondc,USW00013743,2026-01-17,2026,17,False,6.127,1.727,3.927,0.8
washingtondc,USW00013743,2026-01-18,2026,18,False,3.327,-2.773,0.277,1.3
washingtondc,USW00013743,2026-01-19,2026,19,False,5.627,-4.973,0.327,0.0
washingtondc,USW00013743,2026-01-20,2026,20,False,1.127,-7.173,-3.023,0.0
washingtondc,USW00013743,2026-01-21,2026,21,False,6.127,-7.173,-0.523,0.0
washingtondc,USW00013743,2026-01-22,2026,22,False,13.327,3.327,8.327,0.0
washingtondc,USW00013743,2026-01-23,2026,23,False,8.927,-6.673,1.127,0.0
washingtondc,USW00013743,2026-01-24,2026,24,False,-5.573,-12.173,-8.873,0.0
washingtondc,USW00013743,2026-01-25,2026,25,False,-1.673,-8.873,-5.273,50.5
washingtondc,USW00013743,2026-01-26,2026,26,False,-2.173,-7.773,-4.973,0.0
washingtondc,USW00013743,2026-01-27,2026,27,False,-0.573,-10.573,-5.573,0.0
washingtondc,USW00013743,2026-01-28,2026,28,False,-3.273,-9.373,-6.323,0.0
washingtondc,USW00013743,2026-01-29,2026,29,False,-3.873,-9.973,-6.923,0.0
washingtondc,USW00013743,2026-01-30,2026,30,False,-6.073,-10.573,-8.323,0.0
washingtondc,USW00013743,2026-01-31,2026,31,False,-5.573,-11.673,-8.623,0.0
washingtondc,USW00013743,2026-02-01,2026,32,False,-3.273,-9.973,-6.623,0.0
washingtondc,USW00013743,2026-02-02,2026,33,False,1.727,-6.073,-2.173,0.0
washingtondc,USW00013743,2026-02-03,2026,34,False,6.127,-6.073,0.027,0.0
washingtondc,USW00013743,2026-02-04,2026,35,False,3.927,-1.073,1.427,0.0
washingtondc,USW00013743,2026-02-05,2026,36,False,2.277,-4.423,-1.073,0.0
washingtondc,USW00013743,2026-02-06,2026,37,False,0.627,-7.773,-3.573,0.0
washingtondc,USW00013743,2026-02-07,2026,38,False,1.127,-8.273,-3.573,0.0
washingtondc,USW00013743,2026-02-08,2026,39,False,-3.873,-9.973,-6.923,0.0
washingtondc,USW00013743,2026-02-09,2026,40,False,1.127,-9.373,-4.123,0.0
washingtondc,USW00013743,2026-02-10,2026,41,False,7.827,-1.673,3.077,0.0
washingtondc,USW00013743,2026-02-11,2026,42,False,8.927,2.227,5.577,0.0
washingtondc,USW00013743,2026-02-12,2026,43,False,3.327,-1.073,1.127,0.0
washingtondc,USW00013743,2026-02-13,2026,44,False,3.327,-3.273,0.027,0.0
washingtondc,USW00013743,2026-02-14,2026,45,False,13.927,-3.273,5.327,0.0
washingtondc,USW00013743,2026-02-15,2026,46,False,8.327,1.127,4.727,18.0
washingtondc,USW00013743,2026-02-16,2026,47,False,8.627,1.427,5.027,0.0
washingtondc,USW00013743,2026-02-17,2026,48,False,8.927,1.727,5.327,0.0
washingtondc,USW00013743,2026-02-18,2026,49,True,9.929,0.352,5.141,1.386
washingtondc,USW00013743,2026-02-19,2026,50,True,7.752,-0.541,3.606,0.424
washingtondc,USW00013743,2026-02-20,2026,51,True,7.647,-0.331,3.658,1.21
washingtondc,USW00013743,2026-02-21,2026,52,True,10.859,-0.169,5.345,1.652
washingtondc,USW00013743,2026-02-22,2026,53,True,9.844,1.542,5.693,2.014
washingtondc,USW00013743,2026-02-23,2026,54,True,11.458,1.73,6.594,0.933
washingtondc,USW00013743,2026-02-24,2026,55,True,10.715,0.675,5.695,3.824
washingtondc,USW00013743,2026-02-25,2026,56,True,10.616,0.617,5.617,2.329
washingtondc,USW00013743,2026-02-26,2026,57,True,8.858,0.447,4.652,1.548
washingtondc,USW00013743,2026-02-27,2026,58,True,10.598,0.07,5.334,0.757
washingtondc,USW00013743,2026-02-28,2026,59,True,10.5,1.141,5.821,3.076
washingtondc,USW00013743,2026-03-01,2026,60,True,10.204,0.908,5.556,4.157
washingtondc,USW00013743,2026-03-02,2026,61,True,10.86,0.794,5.827,1.643
washingtondc,USW00013743,2026-03-03,2026,62,True,8.864,-0.922,3.971,3.248
washingtondc,USW00013743,2026-03-04,2026,63,True,9.988,-0.578,4.705,0.729
washingtondc,USW00013743,2026-03-05,2026,64,True,11.34,0.671,6.006,2.519
washingtondc,USW00013743,2026-03-06,2026,65,True,9.754,0.184,4.969,4.462
washingtondc,USW00013743,2026-03-07,2026,66,True,12.03,1.258,6.644,0.595
washingtondc,USW00013743,2026-03-08,2026,67,True,13.13,1.696,7.413,1.795
washingtondc,USW00013743,2026-03-09,2026,68,True,14.673,2.462,8.567,1.286
washingtondc,USW00013743,2026-03-10,2026,69,True,15.006,3.18,9.093,4.114
washingtondc,USW00013743,2026-03-11,2026,70,True,15.863,4.451,10.157,0.148
washingtondc,USW00013743,2026-03-12,2026,71,True,13.668,3.161,8.414,2.552
washingtondc,USW00013743,2026-03-13,2026,72,True,13.306,2.975,8.141,1.186
washingtondc,USW00013743,2026-03-14,2026,73,True,14.868,3.846,9.357,2.89
washingtondc,USW00013743,2026-03-15,2026,74,True,14.573,3.846,9.21,1.252
washingtondc,USW00013743,2026-03-16,2026,75,True,14.33,4.203,9.267,3.581
washingtondc,USW00013743,2026-03-17,2026,76,True,12.297,3.546,7.921,2.386
washingtondc,USW00013743,2026-03-18,2026,77,True,14.844,3.427,9.136,1.295
washingtondc,USW00013743,2026-03-19,2026,78,True,14.43,3.708,9.069,0.905
washingtondc,USW00013743,2026-03-20,2026,79,True,14.535,3.917,9.226,3.586
washingtondc,USW00013743,2026-03-21,2026,80,True,14.435,3.855,9.145,3.4
washingtondc,USW00013743,2026-03-22,2026,81,True,15.682,4.122,9.902,0.862
washingtondc,USW00013743,2026-03-23,2026,82,True,13.687,3.755,8.721,3.386
washingtondc,USW00013743,2026-03-24,2026,83,True,13.301,4.132,8.717,5.805
washingtondc,USW00013743,2026-03-25,2026,84,True,13.716,4.765,9.24,1.448
washingtondc,USW00013743,2026-03-26,2026,85,True,13.53,4.279,8.905,1.843
washingtondc,USW00013743,2026-03-27,2026,86,True,14.278,3.708,8.993,0.871
washingtondc,USW00013743,2026-03-28,2026,87,True,14.692,5.422,10.057,5.252
washingtondc,USW00013743,2026-03-29,2026,88,True,17.392,6.684,12.038,2.624
washingtondc,USW00013743,2026-03-30,2026,89,True,17.082,5.66,11.371,1.524
washingtondc,USW00013743,2026-03-31,2026,90,True,17.259,5.875,11.567,3.633
washingtondc,USW00013743,2026-04-01,2026,91,True,16.811,6.27,11.54,1.681
washingtondc,USW00013743,2026-04-02,2026,92,True,16.706,6.651,11.678,3.043
washingtondc,USW00013743,2026-04-03,2026,93,True,18.063,6.846,12.455,2.648
washingtondc,USW00013743,2026-04-04,2026,94,True,18.749,6.96,12.855,2.752
washingtondc,USW00013743,2026-04-05,2026,95,True,18.849,6.746,12.798,2.019
washingtondc,USW00013743,2026-04-06,2026,96,True,18.825,7.251,13.038,3.186
washingtondc,USW00013743,2026-04-07,2026,97,True,17.268,6.913,12.09,3.381
washingtondc,USW00013743,2026-04-08,2026,98,True,16.73,6.475,11.602,3.733
washingtondc,USW00013743,2026-04-09,2026,99,True,16.473,6.189,11.331,1.01
washingtondc,USW00013743,2026-04-10,2026,100,True,19.382,6.898,13.14,0.429
washingtondc,USW00013743,2026-04-11,2026,101,True,20.149,8.332,14.24,2.667
washingtondc,USW00013743,2026-04-12,2026,102,True,20.687,8.827,14.757,2.51
washingtondc,USW00013743,2026-04-13,2026,103,True,21.154,9.832,15.493,1.81
washingtondc,USW00013743,2026-04-14,2026,104,True,20.459,9.994,15.226,4.881
washingtondc,USW00013743,2026-04-15,2026,105,True,19.411,8.065,13.738,7.238
washingtondc,USW00013743,2026-04-16,2026,106,True,19.854,8.827,14.34,3.429
washingtondc,USW00013743,2026-04-17,2026,107,True,19.425,8.303,13.864,0.562
washingtondc,USW00013743,2026-04-18,2026,108,True,20.759,8.289,14.524,1.171
washingtondc,USW00013743,2026-04-19,2026,109,True,20.959,9.836,15.398,2.681
washingtondc,USW00013743,2026-04-20,2026,110,True,22.463,9.465,15.964,2.533
washingtondc,USW00013743,2026-04-21,2026,111,True,20.697,9.755,15.226,3.338
washingtondc,USW00013743,2026-04-22,2026,112,True,19.525,9.175,14.35,4.2
washingtondc,USW00013743,2026-04-23,2026,113,True,19.94,8.589,14.264,1.986
washingtondc,USW00013743,2026-04-24,2026,114,True,19.987,9.475,14.731,3.843
washingtondc,USW00013743,2026-04-25,2026,115,True,20.94,10.079,15.509,2.567
washingtondc,USW00013743,2026-04-26,2026,116,True,21.501,9.894,15.698,2.048
washingtondc,USW00013743,2026-04-27,2026,117,True,21.763,10.617,16.19,1.757
washingtondc,USW00013743,2026-04-28,2026,118,True,20.268,10.375,15.321,2.281
washingtondc,USW00013743,2026-04-29,2026,119,True,19.821,9.703,14.762,3.952
washingtondc,USW00013743,2026-04-30,2026,120,True,22.001,10.341,16.171,6.033
washingtondc,USW00013743,2026-05-01,2026,121,True,21.516,11.427,16.471,1.986
washingtondc,USW00013743,2026-05-02,2026,122,True,24.149,12.379,18.264,1.562
washingtondc,USW00013743,2026-05-03,2026,123,True,23.359,13.27,18.314,3.724
washingtondc,USW00013743,2026-05-04,2026,124,True,23.292,12.851,18.071,5.029
washingtondc,USW00013743,2026-05-05,2026,125,True,21.473,12.241,16.857,5.933
washingtondc,USW00013743,2026-05-06,2026,126,True,20.83,11.536,16.183,3.433
washingtondc,USW00013743,2026-05-07,2026,127,True,20.459,11.536,15.998,4.329
washingtondc,USW00013743,2026-05-08,2026,128,True,22.687,11.617,17.152,0.405
washingtondc,USW00013743,2026-05-09,2026,129,True,23.121,12.032,17.576,3.21
washingtondc,USW00013743,2026-05-10,2026,130,True,22.949,11.894,17.421,5.129
washingtondc,USW00013743,2026-05-11,2026,131,True,22.154,12.184,17.169,3.681
washingtondc,USW00013743,2026-05-12,2026,132,True,22.259,12.117,17.188,6.695
washingtondc,USW00013743,2026-05-13,2026,133,True,19.935,11.465,15.7,6.281
washingtondc,USW00013743,2026-05-14,2026,134,True,23.035,11.903,17.469,6.571
washingtondc,USW00013743,2026-05-15,2026,135,True,24.516,13.97,19.243,2.614
washingtondc,USW00013743,2026-05-16,2026,136,True,24.863,14.808,19.836,8.595
washingtondc,USW00013743,2026-05-17,2026,137,True,24.106,13.727,18.917,2.614
washingtondc,USW00013743,2026-05-18,2026,138,True,22.063,13.755,17.909,3.395
washingtondc,USW00013743,2026-05-19,2026,139,True,23.378,13.265,18.321,2.486
washingtondc,USW00013743,2026-05-20,2026,140,True,24.83,13.955,19.393,3.39
washingtondc,USW00013743,2026-05-21,2026,141,True,24.03,13.413,18.721,2.062
washingtondc,USW00013743,2026-05-22,2026,142,True,24.963,14.098,19.531,4.786
washingtondc,USW00013743,2026-05-23,2026,143,True,24.578,14.922,19.75,2.629
washingtondc,USW00013743,2026-05-24,2026,144,True,24.416,14.484,19.45,2.667
washingtondc,USW00013743,2026-05-25,2026,145,True,25.163,14.732,19.948,0.948
washingtondc,USW00013743,2026-05-26,2026,146,True,27.592,16.189,21.89,3.595
washingtondc,USW00013743,2026-05-27,2026,147,True,27.735,17.094,22.414,2.515
washingtondc,USW00013743,2026-05-28,2026,148,True,26.868,17.227,22.048,5.605
washingtondc,USW00013743,2026-05-29,2026,149,True,26.554,17.332,21.943,3.567
washingtondc,USW00013743,2026-05-30,2026,150,True,27.63,17.008,22.319,3.381
washingtondc,USW00013743,2026-05-31,2026,151,True,28.587,17.189,22.888,2.186
