location,station_id,date,year,doy,is_forecast,tmax_c,tmin_c,tmean_c,prcp_mm,forcing_gdd
kyoto,JA000047759,2026-01-01,2026,1,False,4.713,3.513,4.113,0.0,0.0
kyoto,JA000047759,2026-01-02,2026,2,False,4.313,3.413,3.863,,0.0
kyoto,JA000047759,2026-01-03,2026,3,False,4.413,3.513,3.963,,0.0
kyoto,JA000047759,2026-01-04,2026,4,False,4.713,3.813,4.263,,0.0
kyoto,JA000047759,2026-01-05,2026,5,False,5.413,3.713,4.563000000000001,,0.0
kyoto,JA000047759,2026-01-06,2026,6,False,4.713,3.513,4.113,,0.0
kyoto,JA000047759,2026-01-07,2026,7,False,5.213,3.813,4.513,0.0,0.0
kyoto,JA000047759,2026-01-08,2026,8,False,4.513,3.513,4.013,,0.0
kyoto,JA000047759,2026-01-09,2026,9,False,4.613,3.213,3.913,0.0,0.0
kyoto,JA000047759,2026-01-10,2026,10,False,5.813,3.613,4.713,0.0,0.0
kyoto,JA000047759,2026-01-11,2026,11,False,4.513,3.013,3.763,,0.0
kyoto,JA000047759,2026-01-12,2026,12,False,4.513,3.513,4.013,,0.0
kyoto,JA000047759,2026-01-13,2026,13,False,5.613,4.113,4.863,,0.0
kyoto,JA000047759,2026-01-14,2026,14,False,4.713,3.313,4.013,,0.0
kyoto,JA000047759,2026-01-15,2026,15,False,5.313,3.713,4.513,0.0,0.0
kyoto,JA000047759,2026-01-16,2026,16,False,6.113,3.813,4.962999999999999,0.0,0.0
kyoto,JA000047759,2026-01-17,2026,17,False,6.013,4.113,5.063,0.0,0.0629999999999997
kyoto,JA000047759,2026-01-18,2026,18,False,5.513,3.813,4.663,,0.0
kyoto,JA000047759,2026-01-19,2026,19,False,6.213,4.113,5.163,,0.1630000000000002
kyoto,JA000047759,2026-01-20,2026,20,False,4.313,3.013,3.663,,0.0
kyoto,JA000047759,2026-01-21,2026,21,False,4.213,3.013,3.613,,0.0
kyoto,JA000047759,2026-01-22,2026,22,False,4.013,2.913,3.463,,0.0
kyoto,JA000047759,2026-01-23,2026,23,False,4.413,3.113,3.763,,0.0
kyoto,JA000047759,2026-01-24,2026,24,False,4.713,3.113,3.913,,0.0
kyoto,JA000047759,2026-01-25,2026,25,False,4.113,3.413,3.763,,0.0
kyoto,JA000047759,2026-01-26,2026,26,False,3.913,3.313,3.613,,0.0
kyoto,JA000047759,2026-01-27,2026,27,False,4.913,3.713,4.313000000000001,,0.0
kyoto,JA000047759,2026-01-28,2026,28,False,4.513,3.513,4.013,,0.0
kyoto,JA000047759,2026-01-29,2026,29,False,4.513,3.313,3.913,,0.0
kyoto,JA000047759,2026-01-30,2026,30,False,4.213,3.413,3.813,0.0,0.0
kyoto,JA000047759,2026-01-31,2026,31,False,4.313,3.113,3.713,0.0,0.0
kyoto,JA000047759,2026-02-01,2026,32,False,,,,0.0,
kyoto,JA000047759,2026-02-02,2026,33,True,4.645216446375053,3.499237129228267,4.07222678780166,0.009599999999999994,0.0
kyoto,JA000047759,2026-02-03,2026,34,True,4.649575837227849,3.116414827828545,3.882995332528197,0.002049999999999995,0.0
kyoto,JA000047759,2026-02-04,2026,35,True,4.86490416079495,3.170952895770722,4.017928528282836,0.0032,0.0
kyoto,JA000047759,2026-02-05,2026,36,True,4.6439413865896695,3.1957646409859697,3.9198530137878196,0.0066,0.0
kyoto,JA000047759,2026-02-06,2026,37,True,4.778647065095526,3.1849125873448116,3.9817798262201687,0.0057777777777777775,0.0
kyoto,JA000047759,2026-02-07,2026,38,True,4.871022802103983,3.0719280412623466,3.9714754216831647,0.01131578947368421,0.0
kyoto,JA000047759,2026-02-08,2026,39,True,4.637876592463602,3.0933415292466426,3.8656090608551223,0.003949999999999995,0.0
kyoto,JA000047759,2026-02-09,2026,40,True,4.598929075728472,3.277260538508036,3.9380948071182544,0.0034999999999999996,0.0
kyoto,JA000047759,2026-02-10,2026,41,True,4.770709871314257,3.178581008266086,3.9746454397901716,0.006294117647058823,0.0
kyoto,JA000047759,2026-02-11,2026,42,True,4.821160407816138,3.207589830252995,4.0143751190345665,0.007333333333333334,0.0
kyoto,JA000047759,2026-02-12,2026,43,True,5.0003840393037455,3.2442663775553897,4.122325208429568,0.00811111111111111,0.0
kyoto,JA000047759,2026-02-13,2026,44,True,5.018388333015159,3.4684425266161325,4.243415429815646,0.00888235294117647,0.0
kyoto,JA000047759,2026-02-14,2026,45,True,5.26926959077805,3.2622868029160372,4.265778196847044,0.02205263157894737,0.0
kyoto,JA000047759,2026-02-15,2026,46,True,5.081516847500367,3.5896906206857317,4.335603734093049,0.02236842105263158,0.0
kyoto,JA000047759,2026-02-16,2026,47,True,4.91189934042916,3.2274356403755853,4.069667490402373,0.009949999999999995,0.0
kyoto,JA000047759,2026-02-17,2026,48,True,4.752940802700595,3.132249681273168,3.942595241986881,0.0025263157894736842,0.0
kyoto,JA000047759,2026-02-18,2026,49,True,4.758369972739058,3.1143338374379073,3.9363519050884825,0.015842105263157893,0.0
kyoto,JA000047759,2026-02-19,2026,50,True,4.962426711039244,3.422046875163871,4.192236793101557,0.013105263157894736,0.0
kyoto,JA000047759,2026-02-20,2026,51,True,5.1374987646260655,3.1989830240943298,4.168240894360197,0.008611111111111106,0.0
kyoto,JA000047759,2026-02-21,2026,52,True,4.969125181389184,3.2535367214956756,4.111330951442429,0.01368421052631579,0.0
kyoto,JA000047759,2026-02-22,2026,53,True,5.337577507177821,3.525663131369002,4.431620319273412,0.0012941176470588234,0.0
kyoto,JA000047759,2026-02-23,2026,54,True,5.282598110143121,3.515666408958744,4.399132259550933,0.01768421052631579,0.0
kyoto,JA000047759,2026-02-24,2026,55,True,5.102611683515205,3.5444563545195007,4.323534019017353,0.0028,0.0
kyoto,JA000047759,2026-02-25,2026,56,True,5.312620625744014,3.4695913476183184,4.391105986681167,0.00835,0.0
kyoto,JA000047759,2026-02-26,2026,57,True,5.262626516944441,3.327575362701263,4.295100939822852,0.0056500000000000005,0.0
kyoto,JA000047759,2026-02-27,2026,58,True,5.282630398106876,3.6690044523417398,4.4758174252243075,0.023999999999999997,0.0
kyoto,JA000047759,2026-02-28,2026,59,True,5.502338837395717,3.4240047791143184,4.463171808255018,0.01626315789473684,0.0
kyoto,JA000047759,2026-03-01,2026,60,True,5.558687271148279,3.739004985169643,4.6488461281589615,0.020894736842105258,0.0
kyoto,JA000047759,2026-03-02,2026,61,True,5.34263574934675,3.7490051151034276,4.545820432225089,0.030199999999999994,0.0
kyoto,JA000047759,2026-03-03,2026,62,True,5.132636480475571,3.6878940859255938,4.410265283200582,0.005842105263157889,0.0
kyoto,JA000047759,2026-03-04,2026,63,True,5.592636962148153,3.5856719153686254,4.589154438758389,0.011149999999999995,0.0
kyoto,JA000047759,2026-03-05,2026,64,True,5.67974254263518,3.7535507358263427,4.7166466392307616,0.010421052631578942,0.0
kyoto,JA000047759,2026-03-06,2026,65,True,5.442900646430591,3.7990053018244168,4.620952974127504,0.026894736842105263,0.0
kyoto,JA000047759,2026-03-07,2026,66,True,5.348748737376153,3.7090053147786977,4.528877026077425,0.017421052631578924,0.0
kyoto,JA000047759,2026-03-08,2026,67,True,5.563953506475642,3.3990053229473705,4.481479414711506,0.0022222222222222222,0.0
kyoto,JA000047759,2026-03-09,2026,68,True,5.63237461888531,3.6143899434829647,4.623382281184137,0.011699999999999993,0.0
kyoto,JA000047759,2026-03-10,2026,69,True,5.500795710899095,3.641862474203582,4.571329092551339,0.009368421052631578,0.0
kyoto,JA000047759,2026-03-11,2026,70,True,5.512637842107516,3.7101164445057218,4.611377143306619,0.02255,0.0
kyoto,JA000047759,2026-03-12,2026,71,True,5.870971192533763,3.582338668019474,4.726654930276618,0.001888888888888889,0.0
kyoto,JA000047759,2026-03-13,2026,72,True,5.793193426016912,3.6790053355005496,4.736099380758731,0.0173157894736842,0.0
kyoto,JA000047759,2026-03-14,2026,73,True,5.6931934334356855,3.989914426923188,4.841553930179437,0.022894736842105256,0.0
kyoto,JA000047759,2026-03-15,2026,74,True,5.6376378827676685,3.6490053363379293,4.643321609552799,0.00863157894736842,0.0
kyoto,JA000047759,2026-03-16,2026,75,True,5.811322096513927,3.862641700178494,4.8369818983462105,0.013222222222222217,0.0
kyoto,JA000047759,2026-03-17,2026,76,True,5.816585256529984,3.7171871548527124,4.766886205691348,0.007578947368421052,0.0
kyoto,JA000047759,2026-03-18,2026,77,True,6.014108477741765,3.9323386700854233,4.973223573913594,0.015789473684210527,0.0
kyoto,JA000047759,2026-03-19,2026,78,True,6.01763789042718,3.9899144277123813,5.003776159069781,0.018368421052631576,0.0037761590697806824
kyoto,JA000047759,2026-03-20,2026,79,True,5.997637891033748,3.899005336835576,4.948321613934662,0.011052631578947368,0.0
kyoto,JA000047759,2026-03-21,2026,80,True,5.787637891433361,4.017187155037753,4.902412523235557,0.039999999999999994,0.0
kyoto,JA000047759,2026-03-22,2026,81,True,5.952637891696628,3.8740053368687724,4.9133216142827,0.01005,0.0
kyoto,JA000047759,2026-03-23,2026,82,True,5.870971225203403,3.890672003543534,4.880821614373469,0.01035,0.0
kyoto,JA000047759,2026-03-24,2026,83,True,6.075137891984334,4.013291051167687,5.04421447157601,0.006947368421052632,0.04421447157601044
kyoto,JA000047759,2026-03-25,2026,84,True,6.026526780948502,4.159005336885191,5.092766058916847,0.0212,0.09276605891684664
kyoto,JA000047759,2026-03-26,2026,85,True,5.965415669886984,4.1323386702205545,5.048877170053769,0.014849999999999999,0.04887717005376935
kyoto,JA000047759,2026-03-27,2026,86,True,6.190269471089247,4.099005336888501,5.144637403988874,0.006833333333333334,0.14463740398887381
kyoto,JA000047759,2026-03-28,2026,87,True,6.237637892163405,4.113291051175022,5.175464471669214,0.006444444444444444,0.17546447166921375
kyoto,JA000047759,2026-03-29,2026,88,True,6.1429010500723225,4.211505336889816,5.17720319348107,0.005611111111111112,0.17720319348106983
kyoto,JA000047759,2026-03-30,2026,89,True,6.148749003298039,3.9390053368901374,5.043877170094088,0.008874999999999994,0.043877170094088314
kyoto,JA000047759,2026-03-31,2026,90,True,6.200795786929925,4.040672003557007,5.1207338952434664,0.006687500000000001,0.12073389524346645
kyoto,JA000047759,2026-04-01,2026,91,True,6.298749003308248,4.3899144277995585,5.344331715553903,0.010210526315789472,0.34433171555390274
kyoto,JA000047759,2026-04-02,2026,92,True,6.270971225533143,4.553550791436003,5.412261008484573,0.022647058823529412,0.41226100848457303
kyoto,JA000047759,2026-04-03,2026,93,True,6.274479997464727,4.365672003557266,5.320076000510996,0.005222222222222222,0.32007600051099594
kyoto,JA000047759,2026-04-04,2026,94,True,6.463953681676412,4.306148194033488,5.385050937854951,0.009894736842105263,0.3850509378549507
kyoto,JA000047759,2026-04-05,2026,95,True,6.4176378922034925,4.3682361061214205,5.3929369991624565,0.026578947368421046,0.3929369991624565
kyoto,JA000047759,2026-04-06,2026,96,True,6.537637892203996,4.439005336890664,5.4883216145473295,0.005722222222222222,0.4883216145473295
kyoto,JA000047759,2026-04-07,2026,97,True,6.432082336648771,4.499005336890671,5.465543836769721,0.03077777777777777,0.46554383676972133
kyoto,JA000047759,2026-04-08,2026,98,True,6.492637892204546,4.35733867022401,5.424988281214278,0.010210526315789469,0.42498828121427756
kyoto,JA000047759,2026-04-09,2026,99,True,6.597637892204689,4.2790053368906795,5.438321614547684,0.030333333333333337,0.43832161454768404
kyoto,JA000047759,2026-04-10,2026,100,True,6.721848418520573,4.549005336890683,5.635426877705628,0.016368421052631577,0.635426877705628
kyoto,JA000047759,2026-04-11,2026,101,True,6.682082336649291,4.908096245981593,5.795089291315442,0.019999999999999993,0.7950892913154419
kyoto,JA000047759,2026-04-12,2026,102,True,6.5976378922048875,4.599005336890684,5.598321614547785,0.014999999999999993,0.5983216145477854
kyoto,JA000047759,2026-04-13,2026,103,True,6.837637892204915,4.577576765462113,5.7076073288335145,0.01731578947368421,0.7076073288335145
kyoto,JA000047759,2026-04-14,2026,104,True,6.722637892204933,4.769005336890685,5.745821614547809,0.012684210526315784,0.7458216145478094
kyoto,JA000047759,2026-04-15,2026,105,True,6.542901050099681,4.586505336890685,5.564703193495183,0.037947368421052625,0.5647031934951832
kyoto,JA000047759,2026-04-16,2026,106,True,6.747637892204953,4.727576765462113,5.737607328833533,0.00436842105263158,0.7376073288335334
kyoto,JA000047759,2026-04-17,2026,107,True,6.867637892204958,4.776783114668462,5.82221050343671,0.016050000000000002,0.8222105034367102
kyoto,JA000047759,2026-04-18,2026,108,True,7.077637892204961,4.599005336890685,5.838321614547823,0.0247,0.838321614547823
kyoto,JA000047759,2026-04-19,2026,109,True,6.974479997468121,5.056148194033542,6.015314095750831,0.019894736842105257,1.0153140957508313
kyoto,JA000047759,2026-04-20,2026,110,True,6.911322102731281,4.9143899522753,5.91285602750329,0.007470588235294111,0.91285602750329
kyoto,JA000047759,2026-04-21,2026,111,True,6.969216839573387,5.119005336890685,6.044111088232036,0.02422222222222222,1.044111088232036
kyoto,JA000047759,2026-04-22,2026,112,True,7.049402598087318,5.035368973254322,6.04238578567082,0.010333333333333326,1.0423857856708203
kyoto,JA000047759,2026-04-23,2026,113,True,7.004304558871633,5.108096245981594,6.056200402426613,0.016277777777777773,1.0562004024266134
kyoto,JA000047759,2026-04-24,2026,114,True,7.021848418520756,5.08362072150607,6.052734570013413,0.01327777777777777,1.0527345700134134
kyoto,JA000047759,2026-04-25,2026,115,True,6.932374734310229,4.8740053368906855,5.903190035600457,0.026842105263157896,0.9031900356004572
kyoto,JA000047759,2026-04-26,2026,116,True,7.053427365889177,4.882338670224018,5.967883018056598,0.013894736842105251,0.9678830180565976
kyoto,JA000047759,2026-04-27,2026,117,True,7.143193447760522,5.110116448001796,6.126654947881159,0.005842105263157895,1.1266549478811587
kyoto,JA000047759,2026-04-28,2026,118,True,7.093193447760522,4.95355079143614,6.023372119598331,0.01366666666666666,1.0233721195983314
kyoto,JA000047759,2026-04-29,2026,119,True,7.093193447760522,4.8717326096179585,5.98246302868924,0.04166666666666666,0.9824630286892404
kyoto,JA000047759,2026-04-30,2026,120,True,7.395532629047072,5.074005336890685,6.234768982968879,0.023631578947368417,1.2347689829688786
kyoto,JA000047759,2026-05-01,2026,121,True,7.390269471152337,5.3717326096179585,6.381001040385147,0.011944444444444445,1.3810010403851471
kyoto,JA000047759,2026-05-02,2026,122,True,7.304304558871634,5.319005336890685,6.311654947881159,0.002999999999999994,1.3116549478811592
kyoto,JA000047759,2026-05-03,2026,123,True,7.490269471152335,5.174005336890685,6.332137404021511,0.004277777777777778,1.3321374040215108
kyoto,JA000047759,2026-05-04,2026,124,True,7.606058944836547,5.261505336890685,6.433782140863616,0.0033157894736842108,1.4337821408636158
kyoto,JA000047759,2026-05-05,2026,125,True,7.695532629047072,5.552338670224018,6.623935649635545,0.0085,1.6239356496355448
kyoto,JA000047759,2026-05-06,2026,126,True,7.611322102731283,5.517187155072504,6.564254628901894,0.004647058823529412,1.5642546289018942
kyoto,JA000047759,2026-05-07,2026,127,True,7.2552849510284965,5.4767831146684625,6.3660340328484795,0.022705882352941163,1.3660340328484795
kyoto,JA000047759,2026-05-08,2026,128,True,7.627111576415494,5.282338670224019,6.454725123319756,0.02394736842105263,1.454725123319756
kyoto,JA000047759,2026-05-09,2026,129,True,7.721848418520756,5.480823518708867,6.601335968614812,0.002611111111111111,1.601335968614812
kyoto,JA000047759,2026-05-10,2026,130,True,7.306058944836545,5.4990053368906855,6.402532140863615,0.004944444444444444,1.4025321408636149
kyoto,JA000047759,2026-05-11,2026,131,True,7.35986011442719,5.517187155072503,6.4385236347498465,0.031833333333333325,1.4385236347498465
kyoto,JA000047759,2026-05-12,2026,132,True,7.485006313257599,5.389914427799776,6.4374603705286875,0.03355555555555555,1.4374603705286875
kyoto,JA000047759,2026-05-13,2026,133,True,7.619990833381438,5.680823518708867,6.650407176045153,0.027578947368421047,1.650407176045153
kyoto,JA000047759,2026-05-14,2026,134,True,7.727111576415493,5.519005336890685,6.623058456653089,0.02705263157894737,1.623058456653089
kyoto,JA000047759,2026-05-15,2026,135,True,7.811322102731284,5.5456720035573515,6.6784970531443175,0.007789473684210526,1.6784970531443175
kyoto,JA000047759,2026-05-16,2026,136,True,7.525873186322615,5.770433908319257,6.648153547320936,0.010611111111111111,1.6481535473209359
kyoto,JA000047759,2026-05-17,2026,137,True,7.687637892204968,5.839005336890685,6.763321614547827,0.017833333333333333,1.7633216145478272
kyoto,JA000047759,2026-05-18,2026,138,True,7.900795786941809,5.756148194033543,6.828471990487676,0.020111111111111104,1.8284719904876763
kyoto,JA000047759,2026-05-19,2026,139,True,7.726526781093856,5.799005336890684,6.76276605899227,0.012555555555555554,1.7627660589922698
kyoto,JA000047759,2026-05-20,2026,140,True,7.893193447760523,5.949005336890686,6.921099392325605,0.033105263157894735,1.9210993923256048
kyoto,JA000047759,2026-05-21,2026,141,True,7.993193447760523,5.889005336890685,6.941099392325604,0.048882352941176474,1.9410993923256044
kyoto,JA000047759,2026-05-22,2026,142,True,8.027111576415493,5.771732609617957,6.8994220930167245,0.0006666666666666666,1.8994220930167245
kyoto,JA000047759,2026-05-23,2026,143,True,7.854304558871634,5.799005336890685,6.82665494788116,0.015166666666666662,1.8266549478811598
kyoto,JA000047759,2026-05-24,2026,144,True,8.055284951028495,5.879005336890685,6.96714514395959,0.023624999999999993,1.9671451439595904
kyoto,JA000047759,2026-05-25,2026,145,True,8.104304558871634,5.991313029198377,7.047808794035006,0.014352941176470575,2.0478087940350056
kyoto,JA000047759,2026-05-26,2026,146,True,7.804304558871634,6.099005336890685,6.95165494788116,0.024833333333333332,1.9516549478811598
kyoto,JA000047759,2026-05-27,2026,147,True,7.996461421616732,6.062641700527048,7.02955156107189,0.016611111111111108,2.02955156107189
kyoto,JA000047759,2026-05-28,2026,148,True,7.809860114427189,5.965672003557352,6.887766058992271,0.008999999999999994,1.8877660589922707
kyoto,JA000047759,2026-05-29,2026,149,True,7.963953681678652,6.087894225779574,7.025923953729113,0.05177777777777778,2.025923953729113
kyoto,JA000047759,2026-05-30,2026,150,True,7.953427365889177,6.032338670224019,6.992883018056598,0.030333333333333337,1.992883018056598
kyoto,JA000047759,2026-05-31,2026,151,True,7.863953681678652,5.732338670224019,6.798146175951335,0.017388888888888888,1.7981461759513353
liestal,GME00127786,2026-01-01,2026,1,True,2.2792881249550776,-5.417695917209962,-1.5692038961274424,1.9842105263157896,0.0
liestal,GME00127786,2026-01-02,2026,2,True,2.881417063939476,-4.039994958620743,-0.5792889473406335,2.9263157894736844,0.0
liestal,GME00127786,2026-01-03,2026,3,True,3.4309990584606957,-3.6374631811962623,-0.10323206136778329,1.2947368421052632,0.0
liestal,GME00127786,2026-01-04,2026,4,True,3.8682068050627465,-3.1045726053258504,0.38181709986844803,3.7315789473684213,0.0
liestal,GME00127786,2026-01-05,2026,5,True,3.689064531633184,-2.2706188176104294,0.7092228570113772,2.9473684210526314,0.0
liestal,GME00127786,2026-01-06,2026,6,True,3.6005385783086252,-1.2608361473134813,1.169851215497572,1.6631578947368422,0.0
liestal,GME00127786,2026-01-07,2026,7,True,4.309061099396839,-1.281459889406693,1.513800604995073,1.6894736842105265,0.0
liestal,GME00127786,2026-01-08,2026,8,True,4.682591555294169,-1.0065203667618516,1.8380355942661588,2.4842105263157896,0.0
liestal,GME00127786,2026-01-09,2026,9,True,4.390186412851715,-0.4882240493998983,1.9509811817259086,2.442105263157895,0.0
liestal,GME00127786,2026-01-10,2026,10,True,3.634872757456314,-1.005674199536306,1.314599278960004,1.4842105263157894,0.0
liestal,GME00127786,2026-01-11,2026,11,True,3.554537032212079,-1.378666091495894,1.0879354703580926,0.9789473684210526,0.0
liestal,GME00127786,2026-01-12,2026,12,True,4.138179940707347,-1.3036548003073063,1.41726257020002,2.9526315789473685,0.0
liestal,GME00127786,2026-01-13,2026,13,True,4.489429390473335,-1.4951418028045564,1.4971437938343892,4.08421052631579,0.0
liestal,GME00127786,2026-01-14,2026,14,True,3.9689281544436,-1.7324596785227717,1.1182342379604142,2.6842105263157894,0.0
liestal,GME00127786,2026-01-15,2026,15,True,4.084021593224116,-2.2277632187655283,0.9281291872292938,1.131578947368421,0.0
liestal,GME00127786,2026-01-16,2026,16,True,3.8310242316947125,-2.109923482113942,0.8605503747903853,3.5368421052631582,0.0
liestal,GME00127786,2026-01-17,2026,17,True,4.079552489458561,-1.450607470610186,1.3144725094241876,2.6473684210526316,0.0
liestal,GME00127786,2026-01-18,2026,18,True,5.404196274020851,-0.7219966699256966,2.3410998020475775,2.5526315789473686,0.0
liestal,GME00127786,2026-01-19,2026,19,True,4.342483915236379,-0.9861294995340412,1.6781772078511688,0.8210526315789474,0.0
liestal,GME00127786,2026-01-20,2026,20,True,4.352830085676338,-0.8000667302340143,1.7763816777211618,1.431578947368421,0.0
liestal,GME00127786,2026-01-21,2026,21,True,4.730365569966207,-1.0105555117274632,1.8599050291193717,1.4842105263157894,0.0
liestal,GME00127786,2026-01-22,2026,22,True,4.485915164453693,-1.6171330215381814,1.4343910714577557,3.2421052631578946,0.0
liestal,GME00127786,2026-01-23,2026,23,True,3.688126073158876,-1.640507106783286,1.023809483187795,1.8105263157894735,0.0
liestal,GME00127786,2026-01-24,2026,24,True,2.9266433296457244,-1.975157758776216,0.47574278543475423,0.963157894736842,0.0
liestal,GME00127786,2026-01-25,2026,25,True,3.385807287426599,-1.5577357391038325,0.9140357741613834,0.47368421052631576,0.0
liestal,GME00127786,2026-01-26,2026,26,True,2.5604531554848586,-1.2723090306136837,0.6440720624355875,1.2578947368421052,0.0
liestal,GME00127786,2026-01-27,2026,27,True,3.1296028324090983,-1.6450872335347668,0.7422577994371657,3.1631578947368424,0.0
liestal,GME00127786,2026-01-28,2026,28,True,4.66173384050831,-1.044412293712379,1.8086607733979654,1.6105263157894738,0.0
liestal,GME00127786,2026-01-29,2026,29,True,4.614783702312223,-1.4544358060361693,1.5801739481380266,1.4421052631578948,0.0
liestal,GME00127786,2026-01-30,2026,30,True,4.504574309169697,-1.2224822899777446,1.6410460095959762,2.1052631578947367,0.0
liestal,GME00127786,2026-01-31,2026,31,True,4.441656538938504,-0.8695716721750252,1.7860424333817393,4.189473684210527,0.0
liestal,GME00127786,2026-02-01,2026,32,True,4.978680580641888,0.2569519902065491,2.6178162854242184,4.8999999999999995,0.0
liestal,GME00127786,2026-02-02,2026,33,True,5.420923692571997,-0.048156310595686015,2.6863836909881558,1.0,0.0
liestal,GME00127786,2026-02-03,2026,34,True,5.699975505622049,-0.7111988429250767,2.4943883313484863,1.7157894736842105,0.0
liestal,GME00127786,2026-02-04,2026,35,True,5.873738851278492,-1.6163760603902346,2.1286813954441284,1.0368421052631578,0.0
liestal,GME00127786,2026-02-05,2026,36,True,5.18958828370716,-1.9321015118543876,1.628743385926386,2.8263157894736843,0.0
liestal,GME00127786,2026-02-06,2026,37,True,5.447528449817291,-0.8478432915175048,2.2998425791498933,1.1526315789473685,0.0
liestal,GME00127786,2026-02-07,2026,38,True,5.184404975721043,-1.4267551297797156,1.8788249229706637,2.036842105263158,0.0
liestal,GME00127786,2026-02-08,2026,39,True,5.647588950131858,-1.2583076085854452,2.1946406707732065,1.3315789473684212,0.0
liestal,GME00127786,2026-02-09,2026,40,True,6.389713973218179,-2.0003931537112853,2.194660409753447,0.6947368421052631,0.0
liestal,GME00127786,2026-02-10,2026,41,True,5.858149997462203,-1.6530100435048583,2.102569976978672,2.8736842105263154,0.0
liestal,GME00127786,2026-02-11,2026,42,True,5.379213972664179,-1.1319464690874663,2.123633751788357,3.621052631578947,0.0
liestal,GME00127786,2026-02-12,2026,43,True,5.326590988501371,-2.100359369737325,1.613115809382023,1.5263157894736843,0.0
liestal,GME00127786,2026-02-13,2026,44,True,5.510808026874324,-3.010879612622926,1.2499642071256991,2.2736842105263158,0.0
liestal,GME00127786,2026-02-14,2026,45,True,5.00028664511062,-2.026664562234008,1.486811041438306,2.442105263157895,0.0
liestal,GME00127786,2026-02-15,2026,46,True,5.873974594027077,-1.3161348761890352,2.278919858919021,3.3421052631578947,0.0
liestal,GME00127786,2026-02-16,2026,47,True,8.4213458475661,0.13649921346534594,4.278922530515723,1.8157894736842106,0.0
liestal,GME00127786,2026-02-17,2026,48,True,7.537137467355682,1.3786063470006364,4.457871907178159,2.9473684210526314,0.0
liestal,GME00127786,2026-02-18,2026,49,True,7.968718040775432,0.8470287929893794,4.407873416882405,0.8263157894736842,0.0
liestal,GME00127786,2026-02-19,2026,50,True,7.847666641215638,0.2417666730906055,4.0447166571531215,0.9052631578947368,0.0
liestal,GME00127786,2026-02-20,2026,51,True,8.537141258896817,-0.04244307995925669,4.24734908946878,1.3157894736842106,0.0
liestal,GME00127786,2026-02-21,2026,52,True,8.837141966164605,0.09439960135642508,4.465770783760515,1.068421052631579,0.0
liestal,GME00127786,2026-02-22,2026,53,True,8.858195133622981,0.710189504176976,4.784192318899978,1.1578947368421053,0.0
liestal,GME00127786,2026-02-23,2026,54,True,9.373985013329875,1.1259792975507827,5.249982155440329,0.5631578947368421,0.2499821554403292
liestal,GME00127786,2026-02-24,2026,55,True,9.41082742622645,0.6312426936016209,5.021035059914036,0.9473684210526315,0.02103505991403587
liestal,GME00127786,2026-02-25,2026,56,True,8.82661713299694,0.07334813417638948,4.449982633586665,2.8421052631578947,0.0
liestal,GME00127786,2026-02-26,2026,57,True,7.14766994117964,-0.4740201547076901,3.336824893235975,1.9105263157894736,0.0
liestal,GME00127786,2026-02-27,2026,58,True,7.679249022356386,-0.7529674246684004,3.463140798843993,2.005263157894737,0.0
liestal,GME00127786,2026-02-28,2026,59,True,8.105564913213351,-1.1792831407930249,3.463140886210163,0.5421052631578946,0.0
liestal,GME00127786,2026-03-01,2026,60,True,8.242407095292132,-0.03191466509824564,4.105246215096943,2.721052631578947,0.0
liestal,GME00127786,2026-03-02,2026,61,True,8.279249258756602,0.6628222177132558,4.471035738234929,1.6210526315789473,0.0
liestal,GME00127786,2026-03-03,2026,62,True,9.573986144959568,0.4049275111956877,4.9894568280776275,1.6473684210526316,0.0
liestal,GME00127786,2026-03-04,2026,63,True,10.121354599423944,-0.08980930831899521,5.015772645552474,3.7263157894736842,0.01577264555247382
liestal,GME00127786,2026-03-05,2026,64,True,8.400301993160257,0.025980182194304077,4.213141087677281,1.8631578947368421,0.0
liestal,GME00127786,2026-03-06,2026,65,True,7.731880959709429,-0.8108619105318485,3.4605095245887902,2.973684210526316,0.0
liestal,GME00127786,2026-03-07,2026,66,True,8.305565184768529,-0.39507242750806504,3.955246378630232,0.6894736842105263,0.0
liestal,GME00127786,2026-03-08,2026,67,True,9.895038879990189,-0.43717768370834753,4.728930598140921,3.21578947368421,0.0
liestal,GME00127786,2026-03-09,2026,68,True,10.96872309885937,1.1417696898958511,6.05524639437761,2.357894736842105,1.05524639437761
liestal,GME00127786,2026-03-10,2026,69,True,10.531880999917396,1.162822325336037,5.847351662626717,2.610526315789474,0.8473516626267168
liestal,GME00127786,2026-03-11,2026,70,True,9.668723109969958,0.38387495979145453,5.026299034880706,2.9894736842105267,0.026299034880706174
liestal,GME00127786,2026-03-12,2026,71,True,10.652933639914565,1.0259802250922059,5.839456932503385,1.5263157894736843,0.8394569325033849
liestal,GME00127786,2026-03-13,2026,72,True,11.263459958453502,1.3312433845832856,6.297351671518394,3.8526315789473684,1.2973516715183937
liestal,GME00127786,2026-03-14,2026,73,True,11.058196802641966,1.283874964719867,6.171035883680917,1.9315789473684213,1.1710358836809167
liestal,GME00127786,2026-03-15,2026,74,True,11.663459962115095,1.7259802287636778,6.694720095439386,0.8736842105263158,1.6947200954393864
liestal,GME00127786,2026-03-16,2026,75,True,12.96872312120574,1.441769703107861,7.2052464121568,1.5842105263157895,2.2052464121568
liestal,GME00127786,2026-03-17,2026,76,True,13.368723122111845,2.5733486509679353,7.97103588653989,1.2157894736842105,2.97103588653989
liestal,GME00127786,2026-03-18,2026,77,True,11.89503891227207,2.420717072386829,7.15787799232945,2.5526315789473686,2.1578779923294498
liestal,GME00127786,2026-03-19,2026,78,True,11.773986281213297,1.9996644410807327,6.8868253611470145,1.9736842105263157,1.8868253611470145
liestal,GME00127786,2026-03-20,2026,79,True,12.142407334238996,1.768085493915575,6.955246414077285,0.9736842105263158,1.9552464140772852
liestal,GME00127786,2026-03-21,2026,80,True,12.758196808221824,1.4522960203827875,7.1052464143023055,0.6736842105263158,2.1052464143023055
liestal,GME00127786,2026-03-22,2026,81,True,12.258196808448076,1.6996644415482236,6.97893062499815,3.294736842105263,1.9789306249981502
liestal,GME00127786,2026-03-23,2026,82,True,13.089775755987928,2.2891381258427845,7.689456940915356,1.236842105263158,2.689456940915356
liestal,GME00127786,2026-03-24,2026,83,True,12.652933650854655,1.8733486522211762,7.263141151537916,2.1526315789473682,2.2631411515379156
liestal,GME00127786,2026-03-25,2026,84,True,12.67924944042675,2.083874968057287,7.381562204242019,1.7157894736842105,2.3815622042420186
liestal,GME00127786,2026-03-26,2026,85,True,12.705565229974999,1.910190757565713,7.307877993770356,2.889473684210526,2.307877993770356
liestal,GME00127786,2026-03-27,2026,86,True,13.400302072136757,2.541769704960015,7.971035888548386,1.2578947368421052,2.9710358885483856
liestal,GME00127786,2026-03-28,2026,87,True,13.22135470375851,1.9259802312950858,7.573667467526798,3.405263157894737,2.573667467526798
liestal,GME00127786,2026-03-29,2026,88,True,15.068723124843572,3.0101907576252387,9.039456941234405,1.4578947368421051,4.0394569412344055
liestal,GME00127786,2026-03-30,2026,89,True,15.052933651183933,3.9680854944780437,9.510509572830989,2.9105263157894736,4.510509572830989
liestal,GME00127786,2026-03-31,2026,90,True,14.216091545939397,3.704927599749173,8.960509572844286,2.263157894736842,3.960509572844286
liestal,GME00127786,2026-04-01,2026,91,True,14.189775756479818,3.204927599755111,8.697351678117464,0.7789473684210527,3.697351678117464
liestal,GME00127786,2026-04-02,2026,92,True,15.15293365122735,3.5944012839700616,9.373667467598706,0.6368421052631579,4.373667467598706
liestal,GME00127786,2026-04-03,2026,93,True,14.510828388077554,3.77334865239441,9.142088520235982,2.2473684210526312,4.142088520235982
liestal,GME00127786,2026-04-04,2026,94,True,13.705565230188952,3.004927599765286,8.355246414977119,2.294736842105263,3.3552464149771186
liestal,GME00127786,2026-04-05,2026,95,True,13.200302072298863,3.0365065471355357,8.1184043097172,2.126315789473684,3.1184043097171994
liestal,GME00127786,2026-04-06,2026,96,True,15.147670493355017,3.0101907576632136,9.078930625509116,1.0157894736842106,4.078930625509116
liestal,GME00127786,2026-04-07,2026,97,True,16.252933651252423,3.778611810295808,10.015772730774115,2.5,5.015772730774115
liestal,GME00127786,2026-04-08,2026,98,True,15.642407335464974,4.45229602082288,10.047351678143926,1.2473684210526317,5.047351678143926
liestal,GME00127786,2026-04-09,2026,99,True,15.473986282834927,3.1417697050339695,9.307877993934449,3.4,4.307877993934449
liestal,GME00127786,2026-04-10,2026,100,True,15.852933651257139,3.1996644418764943,9.526299046566816,3.2210526315789476,4.526299046566816
liestal,GME00127786,2026-04-11,2026,101,True,16.826617861784335,4.368085494508386,10.59735167814636,3.594736842105263,5.59735167814636
liestal,GME00127786,2026-04-12,2026,102,True,15.979249440732367,3.9628223366138817,9.971035888673125,2.1789473684210527,4.971035888673125
liestal,GME00127786,2026-04-13,2026,103,True,15.605565230206556,4.60492759977195,10.105246414989253,1.0894736842105264,5.105246414989253
liestal,GME00127786,2026-04-14,2026,104,True,17.17398628283852,4.4365065471405005,10.80524641498951,0.2894736842105263,5.80524641498951
liestal,GME00127786,2026-04-15,2026,105,True,16.20556523020723,4.573348652403755,10.389456941305493,1.8210526315789475,5.389456941305493
liestal,GME00127786,2026-04-16,2026,106,True,14.837144177575873,4.925980231351194,9.881562204463533,3.7947368421052627,4.881562204463533
liestal,GME00127786,2026-04-17,2026,107,True,15.489775756523406,4.168085494509143,9.828930625516275,1.6368421052631579,4.828930625516275
liestal,GME00127786,2026-04-18,2026,108,True,15.958196809155112,3.8365065471407616,9.897351678147936,1.1368421052631579,4.8973516781479365
liestal,GME00127786,2026-04-19,2026,109,True,16.40556523020784,3.5575591787197385,9.98156220446379,1.3842105263157896,4.98156220446379
liestal,GME00127786,2026-04-20,2026,110,True,16.41082838810265,4.162822336614497,10.286825362358574,1.8526315789473686,5.286825362358574
liestal,GME00127786,2026-04-21,2026,111,True,17.305565230207964,4.947032862930304,11.126299046569134,0.5315789473684212,6.126299046569134
liestal,GME00127786,2026-04-22,2026,112,True,18.3476704933659,5.015453915561896,11.681562204463898,1.9368421052631577,6.681562204463898
liestal,GME00127786,2026-04-23,2026,113,True,17.668723124944883,5.983874968193483,11.826299046569183,2.0421052631578944,6.826299046569183
liestal,GME00127786,2026-04-24,2026,114,True,18.368723124944903,6.068085494509279,12.218404309727092,3.115789473684211,7.218404309727092
liestal,GME00127786,2026-04-25,2026,115,True,18.684512598629137,6.420717073456653,12.552614836042896,3.9368421052631577,7.5526148360428955
liestal,GME00127786,2026-04-26,2026,116,True,16.98451259862915,6.683874968193498,11.834193783411322,2.536842105263158,6.834193783411322
liestal,GME00127786,2026-04-27,2026,117,True,16.873986282839684,6.357559178719818,11.615772730779751,3.5421052631578944,6.615772730779751
liestal,GME00127786,2026-04-28,2026,118,True,18.000302072313378,6.2786118102987665,12.139456941306072,2.4210526315789473,7.139456941306072
liestal,GME00127786,2026-04-29,2026,119,True,18.521354703892328,7.304927599772453,12.913141151832392,1.2842105263157895,7.9131411518323915
liestal,GME00127786,2026-04-30,2026,120,True,17.652933651260756,6.957559178719821,12.30524641499029,2.2210526315789476,7.30524641499029
liestal,GME00127786,2026-05-01,2026,121,True,17.747670493366023,7.120717073456666,12.434193783411345,3.9210526315789473,7.434193783411345
liestal,GME00127786,2026-05-02,2026,122,True,18.6160915459976,7.3522960208250865,12.984193783411344,3.2157894736842105,7.984193783411344
liestal,GME00127786,2026-05-03,2026,123,True,17.316091545997605,7.657559178719824,12.486825362358715,2.9842105263157896,7.486825362358715
liestal,GME00127786,2026-05-04,2026,124,True,17.247670493366027,6.089138126088245,11.668404309727135,2.2578947368421054,6.668404309727135
liestal,GME00127786,2026-05-05,2026,125,True,17.600302072313397,6.857559178719825,12.228930625516611,2.384210526315789,7.228930625516611
liestal,GME00127786,2026-05-06,2026,126,True,17.258196809155503,8.336506547140878,12.79735167814819,7.042105263157896,7.797351678148191
liestal,GME00127786,2026-05-07,2026,127,True,17.789775756523927,7.536506547140877,12.663141151832402,2.668421052631579,7.663141151832402
liestal,GME00127786,2026-05-08,2026,128,True,18.77924944073445,7.9733486524040345,13.376299046569242,4.157894736842105,8.376299046569242
liestal,GME00127786,2026-05-09,2026,129,True,19.589775756523924,8.610190757667192,14.099983257095559,5.131578947368421,9.099983257095559
liestal,GME00127786,2026-05-10,2026,130,True,19.68451259862919,8.610190757667192,14.14735167814819,1.631578947368421,9.14735167814819
liestal,GME00127786,2026-05-11,2026,131,True,20.605565230208132,8.957559178719825,14.781562204463977,2.357894736842105,9.781562204463977
liestal,GME00127786,2026-05-12,2026,132,True,20.2003020723134,8.63124338924614,14.41577273077977,6.136842105263158,9.41577273077977
liestal,GME00127786,2026-05-13,2026,133,True,18.72135470389235,8.268085494509299,13.494720099200823,3.9631578947368418,8.494720099200823
liestal,GME00127786,2026-05-14,2026,134,True,18.089775756523927,8.268085494509299,13.178930625516614,4.957894736842105,8.178930625516614
liestal,GME00127786,2026-05-15,2026,135,True,17.910828388102875,7.5680854945093,12.739456941306088,1.7526315789473683,7.739456941306088
liestal,GME00127786,2026-05-16,2026,136,True,17.105565230208136,7.704927599772457,12.405246414990296,5.405263157894737,7.405246414990296
liestal,GME00127786,2026-05-17,2026,137,True,19.005565230208138,7.473348652404036,13.239456941306088,4.21578947368421,8.239456941306088
liestal,GME00127786,2026-05-18,2026,138,True,19.22135470389235,7.957559178719825,13.589456941306088,2.5,8.589456941306088
liestal,GME00127786,2026-05-19,2026,139,True,20.72135470389235,8.252296020825089,14.486825362358719,3.3105263157894735,9.486825362358719
liestal,GME00127786,2026-05-20,2026,140,True,20.668723124944982,9.989138126088244,15.328930625516612,1.8894736842105262,10.328930625516612
liestal,GME00127786,2026-05-21,2026,141,True,21.18977575652393,10.436506547140878,15.813141151832404,4.094736842105263,10.813141151832404
liestal,GME00127786,2026-05-22,2026,142,True,21.089775756523927,10.183874968193509,15.636825362358717,3.5,10.636825362358717
liestal,GME00127786,2026-05-23,2026,143,True,21.210828388102872,9.625980231351404,15.418404309727137,2.931578947368421,10.418404309727137
liestal,GME00127786,2026-05-24,2026,144,True,20.873986282839716,9.473348652404034,15.173667467621875,1.7315789473684209,10.173667467621875
liestal,GME00127786,2026-05-25,2026,145,True,22.358196809155505,10.194401283982982,16.276299046569243,1.7,11.276299046569243
liestal,GME00127786,2026-05-26,2026,146,True,22.389775756523928,10.83124338924614,16.610509572885036,2.6263157894736846,11.610509572885036
liestal,GME00127786,2026-05-27,2026,147,True,21.863459967050243,10.557559178719824,16.210509572885034,2.0526315789473686,11.210509572885034
liestal,GME00127786,2026-05-28,2026,148,True,21.631881019681824,10.34703286293035,15.989456941306088,2.2789473684210524,10.989456941306088
liestal,GME00127786,2026-05-29,2026,149,True,21.547670493366034,9.978611810298771,15.763141151832404,2.2842105263157895,10.763141151832404
liestal,GME00127786,2026-05-30,2026,150,True,21.573986282839716,9.794401283982982,15.684193783411349,4.052631578947368,10.684193783411349
liestal,GME00127786,2026-05-31,2026,151,True,21.63188101968182,9.410190757667193,15.521035888674508,4.578947368421052,10.521035888674508
vancouver,CA001108395,2026-01-01,2026,1,True,5.496959989159925,-0.8654949476886302,2.315732520735647,3.095,0.0
vancouver,CA001108395,2026-01-02,2026,2,True,5.48892427487421,-0.0012092334029159546,2.7438575207356473,6.3549999999999995,0.0
vancouver,CA001108395,2026-01-03,2026,3,True,6.6626742748742105,-0.3778759000695826,3.142399187402314,5.795,0.0
vancouver,CA001108395,2026-01-04,2026,4,True,7.253262510168328,0.8429084136559073,4.048085461912118,7.965000000000001,0.0
vancouver,CA001108395,2026-01-05,2026,5,True,6.728828121028057,0.8641753819816993,3.796501751504878,8.08,0.0
vancouver,CA001108395,2026-01-06,2026,6,True,7.370174274874211,0.867540766597084,4.118857520735648,5.734999999999999,0.0
vancouver,CA001108395,2026-01-07,2026,7,True,6.522674274874211,1.0087907665970839,3.7657325207356473,7.779999999999999,0.0
vancouver,CA001108395,2026-01-08,2026,8,True,6.869340941540877,1.2754574332637507,4.072399187402314,7.375,0.0
vancouver,CA001108395,2026-01-09,2026,9,True,7.298058890258826,0.471867689674007,3.8849632899664166,5.654999999999999,0.0
vancouver,CA001108395,2026-01-10,2026,10,True,7.4532625101683285,0.8664378254206133,4.159850167794471,6.725,0.0
vancouver,CA001108395,2026-01-11,2026,11,True,7.165027216050682,-0.19826805693232777,3.483379579559177,10.135,0.0
vancouver,CA001108395,2026-01-12,2026,12,True,6.38267427487421,-0.11995923340291581,3.131357520735647,8.440000000000001,0.0
vancouver,CA001108395,2026-01-13,2026,13,True,6.859144863109504,-0.4688562922264452,3.1951442854415295,3.655,0.0
vancouver,CA001108395,2026-01-14,2026,14,True,6.307674274874211,-0.26995923340291583,3.0188575207356476,2.0599999999999996,0.0
vancouver,CA001108395,2026-01-15,2026,15,True,6.77017427487421,-0.5512092334029159,3.1094825207356473,3.9599999999999995,0.0
vancouver,CA001108395,2026-01-16,2026,16,True,6.254896497096433,-0.040098122291804816,3.107399187402314,3.62,0.0
vancouver,CA001108395,2026-01-17,2026,17,True,7.876007608207544,2.188790766597084,5.032399187402314,7.15,0.032399187402313956
vancouver,CA001108395,2026-01-18,2026,18,True,7.175531417731353,1.4487907665970838,4.312161092164218,5.505,0.0
vancouver,CA001108395,2026-01-19,2026,19,True,7.682674274874211,1.723790766597084,4.703232520735647,4.37,0.0
vancouver,CA001108395,2026-01-20,2026,20,True,7.576424274874211,0.867540766597084,4.221982520735647,3.45,0.0
vancouver,CA001108395,2026-01-21,2026,21,True,7.396959989159925,0.6916479094542269,4.044303949307076,5.5,0.0
vancouver,CA001108395,2026-01-22,2026,22,True,6.947380157227152,1.1546731195382605,4.051026638382706,4.455,0.0
vancouver,CA001108395,2026-01-23,2026,23,True,6.874981967181903,1.0872523050586225,3.9811171361202624,6.33,0.0
vancouver,CA001108395,2026-01-24,2026,24,True,7.265027216050681,2.1899672371853196,4.727497226618,4.76,0.0
vancouver,CA001108395,2026-01-25,2026,25,True,7.876424274874211,1.661290766597084,4.768857520735647,3.6399999999999997,0.0
vancouver,CA001108395,2026-01-26,2026,26,True,7.808990064347895,1.1593170823865577,4.484153573367227,2.0421052631578944,0.0
vancouver,CA001108395,2026-01-27,2026,27,True,7.765027216050681,1.4958495901264959,4.630438403088588,4.535,0.0
vancouver,CA001108395,2026-01-28,2026,28,True,8.14267427487421,0.9954574332637507,4.56906585406898,3.525,0.0
vancouver,CA001108395,2026-01-29,2026,29,True,7.889817132017067,1.4773621951685123,4.68358966359279,4.485,0.0
vancouver,CA001108395,2026-01-30,2026,30,True,7.245174274874211,1.136290766597084,4.190732520735647,3.87,0.0
vancouver,CA001108395,2026-01-31,2026,31,True,7.536007608207544,1.9887907665970836,4.7623991874023135,4.925,0.0
vancouver,CA001108395,2026-02-01,2026,32,True,8.022674274874209,2.0287907665970843,5.025732520735646,5.85,0.025732520735646247
vancouver,CA001108395,2026-02-02,2026,33,True,7.470174274874211,0.31129076659708405,3.8907325207356473,3.5149999999999997,0.0
vancouver,CA001108395,2026-02-03,2026,34,True,6.869340941540877,0.8887907665970838,3.87906585406898,2.795,0.0
vancouver,CA001108395,2026-02-04,2026,35,True,6.039817132017068,0.39879076659708407,3.219303949307076,6.465000000000001,0.0
vancouver,CA001108395,2026-02-05,2026,36,True,7.353262510168329,0.901731943067672,4.127497226618001,4.375,0.0
vancouver,CA001108395,2026-02-06,2026,37,True,6.893785385985322,1.159901877708195,4.026843631846758,2.48,0.0
vancouver,CA001108395,2026-02-07,2026,38,True,7.668388560588497,1.4416479094542267,4.555018235021362,2.8449999999999998,0.0
vancouver,CA001108395,2026-02-08,2026,39,True,7.2183885605884965,0.11307648088279815,3.6657325207356473,1.34,0.0
vancouver,CA001108395,2026-02-09,2026,40,True,7.414253222242631,-0.07226186498186343,3.670995678630384,2.5,0.0
vancouver,CA001108395,2026-02-10,2026,41,True,6.889817132017067,0.027362195168512515,3.45858966359279,2.335,0.0
vancouver,CA001108395,2026-02-11,2026,42,True,7.649340941540877,0.2765685443748617,3.9629547429578693,3.2349999999999994,0.0
vancouver,CA001108395,2026-02-12,2026,43,True,7.4093409415408775,1.568790766597084,4.489065854068981,4.336842105263158,0.0
vancouver,CA001108395,2026-02-13,2026,44,True,8.260452052651988,1.2765685443748616,4.768510298513425,3.005,0.0
vancouver,CA001108395,2026-02-14,2026,45,True,7.801424274874211,0.2925407665970839,4.046982520735647,3.315,0.0
vancouver,CA001108395,2026-02-15,2026,46,True,7.282674274874211,0.5112907665970841,3.8969825207356474,7.63,0.0
vancouver,CA001108395,2026-02-16,2026,47,True,8.956007608207544,1.088790766597084,5.022399187402314,2.88,0.02239918740231417
vancouver,CA001108395,2026-02-17,2026,48,True,8.45767427487421,0.773790766597084,4.615732520735647,2.0300000000000002,0.0
vancouver,CA001108395,2026-02-18,2026,49,True,7.716007608207544,0.961290766597084,4.338649187402314,2.763157894736842,0.0
vancouver,CA001108395,2026-02-19,2026,50,True,7.862674274874211,0.4221240999304175,4.142399187402314,2.91,0.0
vancouver,CA001108395,2026-02-20,2026,51,True,8.188556627815387,0.8546731195382604,4.521614873676824,0.93,0.0
vancouver,CA001108395,2026-02-21,2026,52,True,8.051905044104979,0.07955999736631475,4.065732520735647,1.925,0.0
vancouver,CA001108395,2026-02-22,2026,53,True,7.159597351797288,-0.5204400026336852,3.3195786745818014,3.7399999999999998,0.0
vancouver,CA001108395,2026-02-23,2026,54,True,7.138229830429766,-0.7956536778473604,3.171288076291203,2.755,0.0
vancouver,CA001108395,2026-02-24,2026,55,True,7.256358485400526,-0.14594607550817917,3.555206204946173,4.089473684210526,0.0
vancouver,CA001108395,2026-02-25,2026,56,True,6.7112457034456385,-1.3226378048314875,2.6943039493070753,3.975,0.0
vancouver,CA001108395,2026-02-26,2026,57,True,7.607674274874211,-0.438709233402916,3.5844825207356474,2.105,0.0
vancouver,CA001108395,2026-02-27,2026,58,True,8.068388560588495,0.5630764808827984,4.315732520735647,4.531578947368422,0.0
vancouver,CA001108395,2026-02-28,2026,59,True,8.409340941540876,1.4954574332637507,4.952399187402313,4.221052631578948,0.0
vancouver,CA001108395,2026-03-01,2026,60,True,8.78267427487421,1.0754574332637508,4.9290658540689805,2.8157894736842106,0.0
vancouver,CA001108395,2026-03-02,2026,61,True,9.02267427487421,1.7021240999304175,5.362399187402314,4.21578947368421,0.362399187402314
vancouver,CA001108395,2026-03-03,2026,62,True,9.465027216050682,1.6429084136559078,5.553967814853295,2.7210526315789476,0.5539678148532952
vancouver,CA001108395,2026-03-04,2026,63,True,8.188556627815387,0.9311437077735547,4.559850167794471,3.5200000000000005,0.0
vancouver,CA001108395,2026-03-05,2026,64,True,9.422674274874211,1.6421240999304174,5.532399187402314,3.055,0.532399187402314
vancouver,CA001108395,2026-03-06,2026,65,True,9.526424274874211,1.2487907665970839,5.3876075207356475,1.9157894736842105,0.3876075207356475
vancouver,CA001108395,2026-03-07,2026,66,True,9.07017427487421,1.461290766597084,5.265732520735647,1.8800000000000001,0.26573252073564735
vancouver,CA001108395,2026-03-08,2026,67,True,8.777118719318656,0.937679655485973,4.857399187402314,4.445,0.0
vancouver,CA001108395,2026-03-09,2026,68,True,8.57017427487421,1.073790766597084,4.821982520735647,3.5149999999999997,0.0
vancouver,CA001108395,2026-03-10,2026,69,True,9.082674274874211,0.9265685443748619,5.004621409624536,3.1849999999999996,0.004621409624536277
vancouver,CA001108395,2026-03-11,2026,70,True,9.136520428720365,1.9410984589047764,5.53880944381257,6.545,0.5388094438125703
vancouver,CA001108395,2026-03-12,2026,71,True,10.511245703445638,3.177362195168513,6.844303949307076,5.245,1.8443039493070756
vancouver,CA001108395,2026-03-13,2026,72,True,10.865027216050681,3.184084884244143,7.024556050147412,3.5450000000000004,2.024556050147412
vancouver,CA001108395,2026-03-14,2026,73,True,10.176791921933035,2.825261354832378,6.501026638382706,6.890000000000001,1.5010266383827062
vancouver,CA001108395,2026-03-15,2026,74,True,9.689340941540877,2.9821240999304175,6.335732520735647,3.8950000000000005,1.3357325207356467
vancouver,CA001108395,2026-03-16,2026,75,True,9.875531417731354,1.53450505231137,5.705018235021362,3.3850000000000002,0.7050182350213623
vancouver,CA001108395,2026-03-17,2026,76,True,10.49767427487421,1.5387907665970841,6.018232520735648,2.7,1.0182325207356477
vancouver,CA001108395,2026-03-18,2026,77,True,10.676791921933035,1.8252613548323782,6.251026638382706,2.87,1.2510266383827062
vancouver,CA001108395,2026-03-19,2026,78,True,10.88892427487421,2.7612907665970843,6.8251075207356475,3.085,1.8251075207356475
vancouver,CA001108395,2026-03-20,2026,79,True,10.51392427487421,2.423790766597084,6.4688575207356465,3.47,1.4688575207356465
vancouver,CA001108395,2026-03-21,2026,80,True,10.85109532750579,2.390896029754979,6.6209956786303845,4.505,1.6209956786303845
vancouver,CA001108395,2026-03-22,2026,81,True,11.38267427487421,3.941647909454227,7.662161092164219,3.995,2.6621610921642187
vancouver,CA001108395,2026-03-23,2026,82,True,10.922674274874211,3.1221240999304176,7.022399187402314,3.04,2.022399187402314
vancouver,CA001108395,2026-03-24,2026,83,True,10.582674274874211,2.9370260607147314,6.759850167794472,5.305,1.7598501677944718
vancouver,CA001108395,2026-03-25,2026,84,True,10.989340941540878,3.5354574332637507,7.262399187402314,2.975,2.2623991874023144
vancouver,CA001108395,2026-03-26,2026,85,True,11.57017427487421,4.005040766597085,7.787607520735648,3.5,2.787607520735648
vancouver,CA001108395,2026-03-27,2026,86,True,12.276007608207543,4.162124099930417,8.21906585406898,3.8299999999999996,3.2190658540689796
vancouver,CA001108395,2026-03-28,2026,87,True,11.822674274874212,5.0221240999304175,8.422399187402315,5.29,3.4223991874023145
vancouver,CA001108395,2026-03-29,2026,88,True,11.645174274874211,4.236290766597084,7.940732520735647,4.57,2.940732520735647
vancouver,CA001108395,2026-03-30,2026,89,True,12.332674274874211,3.870219338025655,8.101446806449934,2.615,3.1014468064499336
vancouver,CA001108395,2026-03-31,2026,90,True,11.50142427487421,3.4550407665970844,7.478232520735648,3.595,2.4782325207356477
vancouver,CA001108395,2026-04-01,2026,91,True,11.682674274874211,3.1599018777081955,7.421288076291203,1.585,2.4212880762912032
vancouver,CA001108395,2026-04-02,2026,92,True,12.229340941540878,2.9287907665970843,7.579065854068981,3.935,2.579065854068981
vancouver,CA001108395,2026-04-03,2026,93,True,11.50767427487421,4.636290766597084,8.071982520735647,2.91,3.071982520735647
vancouver,CA001108395,2026-04-04,2026,94,True,11.449340941540878,4.142124099930418,7.795732520735648,3.1700000000000004,2.7957325207356476
vancouver,CA001108395,2026-04-05,2026,95,True,11.356007608207545,3.142124099930417,7.249065854068981,5.7368421052631575,2.2490658540689807
vancouver,CA001108395,2026-04-06,2026,96,True,12.804102846302783,4.813076480882798,8.808589663592791,2.25,3.808589663592791
vancouver,CA001108395,2026-04-07,2026,97,True,13.301424274874211,4.986290766597084,9.143857520735647,4.154999999999999,4.143857520735647
vancouver,CA001108395,2026-04-08,2026,98,True,11.922674274874211,4.7354574332637505,8.32906585406898,4.195,3.329065854068981
vancouver,CA001108395,2026-04-09,2026,99,True,12.109340941540877,4.555457433263752,8.332399187402315,3.1350000000000002,3.3323991874023147
vancouver,CA001108395,2026-04-10,2026,100,True,11.74267427487421,4.495457433263751,8.11906585406898,2.36,3.11906585406898
vancouver,CA001108395,2026-04-11,2026,101,True,12.423850745462445,3.6605554724794374,8.042203108970941,2.07,3.0422031089709414
vancouver,CA001108395,2026-04-12,2026,102,True,12.18892427487421,4.0550407665970845,8.121982520735648,2.06,3.1219825207356475
vancouver,CA001108395,2026-04-13,2026,103,True,11.896959989159924,4.013076480882799,7.955018235021361,4.765,2.9550182350213614
vancouver,CA001108395,2026-04-14,2026,104,True,12.756007608207545,3.0687907665970844,7.912399187402315,1.52,2.9123991874023147
vancouver,CA001108395,2026-04-15,2026,105,True,12.351905044104981,4.248790766597084,8.300347905351032,1.595,3.300347905351032
vancouver,CA001108395,2026-04-16,2026,106,True,12.953262510168328,3.207614296008849,8.08043840308859,2.45,3.080438403088589
vancouver,CA001108395,2026-04-17,2026,107,True,13.921135813335749,4.941098458904776,9.431117136120262,3.285,4.431117136120262
vancouver,CA001108395,2026-04-18,2026,108,True,13.613924274874211,4.455040766597084,9.034482520735647,2.895,4.034482520735647
vancouver,CA001108395,2026-04-19,2026,109,True,14.447380157227151,4.813496648950026,9.630438403088588,2.27,4.630438403088588
vancouver,CA001108395,2026-04-20,2026,110,True,14.62267427487421,5.768790766597084,10.195732520735646,3.01,5.195732520735646
vancouver,CA001108395,2026-04-21,2026,111,True,14.704102846302781,5.305933623739942,10.005018235021362,2.115,5.005018235021362
vancouver,CA001108395,2026-04-22,2026,112,True,13.889817132017068,5.984505052311371,9.937161092164219,1.6300000000000001,4.937161092164219
vancouver,CA001108395,2026-04-23,2026,113,True,13.625531417731354,5.402124099930417,9.513827758830885,1.8263157894736843,4.513827758830885
vancouver,CA001108395,2026-04-24,2026,114,True,14.682674274874211,4.882124099930417,9.782399187402314,2.855,4.782399187402314
vancouver,CA001108395,2026-04-25,2026,115,True,13.651424274874211,5.811290766597084,9.731357520735648,1.8699999999999999,4.7313575207356475
vancouver,CA001108395,2026-04-26,2026,116,True,14.401424274874211,6.236290766597084,10.318857520735648,3.1100000000000003,5.318857520735648
vancouver,CA001108395,2026-04-27,2026,117,True,14.729340941540878,6.515457433263751,10.622399187402314,2.915,5.622399187402314
vancouver,CA001108395,2026-04-28,2026,118,True,14.489340941540878,5.768790766597084,10.12906585406898,1.6350000000000002,5.12906585406898
vancouver,CA001108395,2026-04-29,2026,119,True,15.429733098403622,6.407614296008848,10.918673697206234,1.3450000000000002,5.918673697206234
vancouver,CA001108395,2026-04-30,2026,120,True,14.806203686638916,6.560555472479437,10.683379579559176,1.925,5.683379579559176
vancouver,CA001108395,2026-05-01,2026,121,True,15.046959989159927,6.313076480882798,10.680018235021363,1.4263157894736842,5.680018235021363
vancouver,CA001108395,2026-05-02,2026,122,True,15.863924274874211,6.5862907665970845,11.225107520735648,1.26,6.225107520735648
vancouver,CA001108395,2026-05-03,2026,123,True,15.807674274874211,7.392540766597084,11.600107520735648,3.7049999999999996,6.600107520735648
vancouver,CA001108395,2026-05-04,2026,124,True,15.239817132017068,7.255933623739941,11.247875377878504,1.7599999999999998,6.247875377878504
vancouver,CA001108395,2026-05-05,2026,125,True,15.076007608207544,6.248790766597084,10.662399187402315,2.973684210526316,5.662399187402315
vancouver,CA001108395,2026-05-06,2026,126,True,16.1749819671819,7.556483074289392,11.865732520735646,0.2894736842105263,6.865732520735646
vancouver,CA001108395,2026-05-07,2026,127,True,16.456007608207543,7.288790766597084,11.872399187402314,2.5,6.872399187402314
vancouver,CA001108395,2026-05-08,2026,128,True,16.617968392521266,7.325261354832378,11.971614873676822,1.04,6.971614873676822
vancouver,CA001108395,2026-05-09,2026,129,True,17.062674274874208,7.255457433263751,12.159065854068979,0.315,7.159065854068979
vancouver,CA001108395,2026-05-10,2026,130,True,17.411245703445637,7.291647909454228,12.351446806449932,0.065,7.351446806449932
vancouver,CA001108395,2026-05-11,2026,131,True,17.156007608207542,7.682124099930418,12.419065854068979,1.9300000000000002,7.419065854068979
vancouver,CA001108395,2026-05-12,2026,132,True,18.17017427487421,8.261290766597083,13.215732520735646,2.65,8.215732520735646
vancouver,CA001108395,2026-05-13,2026,133,True,17.589340941540875,8.195457433263751,12.892399187402313,0.9550000000000001,7.892399187402313
vancouver,CA001108395,2026-05-14,2026,134,True,17.96392427487421,8.055040766597084,13.009482520735647,1.845,8.009482520735647
vancouver,CA001108395,2026-05-15,2026,135,True,18.07600760820754,9.802124099930417,13.939065854068978,3.7950000000000004,8.939065854068978
vancouver,CA001108395,2026-05-16,2026,136,True,18.216007608207544,10.023790766597084,14.119899187402314,1.2600000000000002,9.119899187402314
vancouver,CA001108395,2026-05-17,2026,137,True,17.918388560588493,9.63450505231137,13.776446806449933,1.1105263157894738,8.776446806449933
vancouver,CA001108395,2026-05-18,2026,138,True,18.80267427487421,10.028790766597083,14.415732520735647,1.0550000000000002,9.415732520735647
vancouver,CA001108395,2026-05-19,2026,139,True,18.65142427487421,9.298790766597085,13.975107520735648,1.14,8.975107520735648
vancouver,CA001108395,2026-05-20,2026,140,True,17.868388560588492,8.991647909454228,13.430018235021361,0.99,8.430018235021361
vancouver,CA001108395,2026-05-21,2026,141,True,17.923850745462445,8.707614296008849,13.315732520735647,1.1199999999999999,8.315732520735647
vancouver,CA001108395,2026-05-22,2026,142,True,18.32553141773135,8.748790766597084,13.537161092164219,2.1149999999999998,8.537161092164219
vancouver,CA001108395,2026-05-23,2026,143,True,17.85767427487421,9.298790766597085,13.578232520735646,1.868421052631579,8.578232520735646
vancouver,CA001108395,2026-05-24,2026,144,True,17.105751197951133,10.2641753819817,13.684963289966415,0.61,8.684963289966415
vancouver,CA001108395,2026-05-25,2026,145,True,17.425531417731353,9.491647909454228,13.45858966359279,0.945,8.45858966359279
vancouver,CA001108395,2026-05-26,2026,146,True,18.576791921933033,9.85467311953826,14.215732520735646,3.06,9.215732520735646
vancouver,CA001108395,2026-05-27,2026,147,True,18.58267427487421,10.51545743326375,14.549065854068981,2.3,9.549065854068981
vancouver,CA001108395,2026-05-28,2026,148,True,18.889340941540873,9.722124099930419,14.305732520735646,1.905,9.305732520735646
vancouver,CA001108395,2026-05-29,2026,149,True,19.121135813335748,10.20263692044324,14.661886366889494,2.831578947368421,9.661886366889494
vancouver,CA001108395,2026-05-30,2026,150,True,18.60267427487421,9.37545743326375,13.98906585406898,1.1800000000000002,8.98906585406898
vancouver,CA001108395,2026-05-31,2026,151,True,19.08267427487421,9.587252305058621,14.334963289966417,1.465,9.334963289966417
